T_e,Volume,E_F,N_Ef,gamma,C_e,v_F,tau_e,k_e,k_lat,lambda,Log10_Ge,Composition,Al,Cr,Fe,Co,Ni,Mn,Cu,logT,T_norm,Ce_over_T,T_tau,k_ratio
100,59.6,28.981,0.929,0.567,8.015758,2.396,16.113,0.02321,6.742913,2.2634,-5.751473,AlCrFeCoNi,0.2,0.2,0.2,0.2,0.2,0.0,0.0,2.0,100,0.08015758,1611.3,0.0034421319921921
200,59.61,28.982,0.93,0.569,16.026932,2.471,18.603,0.154747,3.361189,0.9802,-9.457885,AlCrFeCoNi,0.2,0.2,0.2,0.2,0.2,0.0,0.0,2.3010299956639813,200,0.08013466,3720.6000000000004,0.046039349159077585
300,59.63,28.983,0.931,0.568,24.030523,2.573,16.346,0.285066,2.245305,0.7437,-13.033218,AlCrFeCoNi,0.2,0.2,0.2,0.2,0.2,0.0,0.0,2.4771212547196626,300,0.08010174333333332,4903.8,0.12696086858539546
400,59.66,28.983,0.931,0.566,32.026321,2.541,13.579,0.335095,1.690344,0.6714,-16.600629,AlCrFeCoNi,0.2,0.2,0.2,0.2,0.2,0.0,0.0,2.6020599913279625,400,0.0800658025,5431.6,0.19824059585469236
500,59.68,28.983,0.931,0.565,40.014133,2.534,11.182,0.350883,1.357377,0.6523,-20.154063,AlCrFeCoNi,0.2,0.2,0.2,0.2,0.2,0.0,0.0,2.6989700043360187,500,0.080028266,5591.0,0.25850057979427987
600,59.7,28.983,0.931,0.564,47.993601,2.557,9.354,0.359572,1.135094,0.6498,-23.703815,AlCrFeCoNi,0.2,0.2,0.2,0.2,0.2,0.0,0.0,2.7781512503836434,600,0.079989335,5612.4,0.3167770098538008
700,59.73,28.982,0.93,0.562,55.96443,2.55,7.979,0.354332,0.976095,0.6529,-27.254287,AlCrFeCoNi,0.2,0.2,0.2,0.2,0.2,0.0,0.0,2.845098040014257,700,0.07994918571428572,5585.3,0.3630093761269383
800,59.76,28.982,0.93,0.561,63.926469,2.575,6.919,0.355411,0.85675,0.6588,-30.80573,AlCrFeCoNi,0.2,0.2,0.2,0.2,0.2,0.0,0.0,2.9030899869919438,800,0.07990808625,5535.2,0.41483581577377787
900,59.78,28.982,0.93,0.56,71.879738,2.584,6.078,0.350028,0.7639,0.6667,-34.357604,AlCrFeCoNi,0.2,0.2,0.2,0.2,0.2,0.0,0.0,2.9542425094393248,900,0.07986637555555556,5470.2,0.4582112079968477
1000,59.81,28.982,0.93,0.559,79.824368,2.569,5.389,0.336702,0.689587,0.6767,-37.909316,AlCrFeCoNi,0.2,0.2,0.2,0.2,0.2,0.0,0.0,3.0,1000,0.079824368,5389.0,0.4882654570555172
3000,60.31,28.971,0.919,0.559,237.123041,2.71,1.407,0.235022,0.230511,0.8639,-41.447806,AlCrFeCoNi,0.2,0.2,0.2,0.2,0.2,0.0,0.0,3.4771212547196626,3000,0.07904101366666667,4221.0,1.019565141944888
6000,61.08,28.95,0.9,0.559,468.151558,2.878,0.744,0.291013,0.115739,0.8172,-45.048023,AlCrFeCoNi,0.2,0.2,0.2,0.2,0.2,0.0,0.0,3.7781512503836434,6000,0.07802525966666667,4464.0,2.514368411957837
9000,61.84,28.938,0.888,0.559,693.106482,3.003,0.536,0.362554,0.077479,0.7553,-48.647699,AlCrFeCoNi,0.2,0.2,0.2,0.2,0.2,0.0,0.0,3.9542425094393248,9000,0.07701183133333334,4824.0,4.67932369643779
12000,62.6,28.933,0.884,0.559,911.405036,3.111,0.425,0.425637,0.058347,0.714,-52.249289,AlCrFeCoNi,0.2,0.2,0.2,0.2,0.2,0.0,0.0,4.079181246047625,12000,0.07595041966666667,5100.0,7.29480016453006
15000,63.36,28.93,0.882,0.559,1120.521941,3.208,0.356,0.482643,0.046866,0.683,-55.86229,AlCrFeCoNi,0.2,0.2,0.2,0.2,0.2,0.0,0.0,4.176091259055681,15000,0.07470146273333333,5340.0,10.298141549491113
18000,64.12,28.926,0.878,0.559,1314.107459,3.298,0.307,0.530319,0.039211,0.6598,-59.486821,AlCrFeCoNi,0.2,0.2,0.2,0.2,0.2,0.0,0.0,4.2552725051033065,18000,0.07300596994444444,5526.0,13.524405794144648
21000,64.88,28.919,0.872,0.559,1484.376914,3.371,0.27,0.561276,0.033742,0.6432,-63.121694,AlCrFeCoNi,0.2,0.2,0.2,0.2,0.2,0.0,0.0,4.3222192947339195,21000,0.07068461495238094,5670.0,16.633849983700323
24000,65.65,28.91,0.864,0.559,1625.374988,2.333,0.24,0.266547,0.029639,0.631,-66.767158,AlCrFeCoNi,0.2,0.2,0.2,0.2,0.2,0.0,0.0,4.380211241711606,24000,0.06772395783333333,5760.0,8.992813765182186
27000,66.41,28.9,0.856,0.559,1734.403747,2.321,0.217,0.257487,0.026448,0.6208,-70.424182,AlCrFeCoNi,0.2,0.2,0.2,0.2,0.2,0.0,0.0,4.431363764158987,27000,0.06423717581481482,5859.0,9.73522628454762
30000,67.17,28.89,0.849,0.559,1811.810013,2.494,0.198,0.286804,0.023893,0.6114,-74.093106,AlCrFeCoNi,0.2,0.2,0.2,0.2,0.2,0.0,0.0,4.477121254719663,30000,0.0603936671,5940.0,12.003180714823804
100,69.56,22.015,1.663,0.639,5.206203,1.25,51.366,0.047595,1.836971,0.71,-5.894235,Co-0.05_Xx3-0.95,0.3166666666666666,0.3166666666666666,0.3166666666666666,0.05,0.0,0.0,0.0,2.0,100,0.05206203,5136.6,0.025909485827764388
200,69.6,22.014,1.663,0.66,10.405629,1.259,27.019,0.052928,0.872643,0.6749,-9.652476,Co-0.05_Xx3-0.95,0.3166666666666666,0.3166666666666666,0.3166666666666666,0.05,0.0,0.0,0.0,2.3010299956639813,200,0.052028145,5403.799999999999,0.060652453921645026
300,69.66,22.014,1.663,0.665,15.596146,1.283,19.096,0.06104,0.57475,0.6366,-13.379883,Co-0.05_Xx3-0.95,0.3166666666666666,0.3166666666666666,0.3166666666666666,0.05,0.0,0.0,0.0,2.4771212547196626,300,0.05198715333333333,5728.8,0.10620251204434615
400,69.72,22.013,1.663,0.666,20.777833,1.293,15.117,0.068155,0.429663,0.6031,-17.095382,Co-0.05_Xx3-0.95,0.3166666666666666,0.3166666666666666,0.3166666666666666,0.05,0.0,0.0,0.0,2.6020599913279625,400,0.0519445825,6046.8,0.15862394801519325
500,69.79,22.013,1.664,0.666,25.950874,1.3,12.5,0.072891,0.344406,0.5835,-20.799498,Co-0.05_Xx3-0.95,0.3166666666666666,0.3166666666666666,0.3166666666666666,0.05,0.0,0.0,0.0,2.6989700043360187,500,0.051901748,6250.0,0.21164203979593912
600,69.85,22.012,1.664,0.663,31.115587,1.302,10.632,0.075662,0.288823,0.5717,-24.497435,Co-0.05_Xx3-0.95,0.3166666666666666,0.3166666666666666,0.3166666666666666,0.05,0.0,0.0,0.0,2.7781512503836434,600,0.05185931166666667,6379.2,0.2619657646178988
700,69.91,22.012,1.664,0.659,36.272436,1.322,9.252,0.080033,0.250142,0.5631,-28.193041,Co-0.05_Xx3-0.95,0.3166666666666666,0.3166666666666666,0.3166666666666666,0.05,0.0,0.0,0.0,2.845098040014257,700,0.051817765714285716,6476.400000000001,0.31994898917819015
800,69.97,22.012,1.664,0.654,41.421985,1.328,8.195,0.082371,0.221946,0.5563,-31.887621,Co-0.05_Xx3-0.95,0.3166666666666666,0.3166666666666666,0.3166666666666666,0.05,0.0,0.0,0.0,2.9030899869919438,800,0.05177748125,6556.0,0.3711291434441556
900,70.03,22.011,1.664,0.647,46.56485,1.339,7.355,0.085113,0.200727,0.5509,-35.581565,Co-0.05_Xx3-0.95,0.3166666666666666,0.3166666666666666,0.3166666666666666,0.05,0.0,0.0,0.0,2.9542425094393248,900,0.05173872222222222,6619.5,0.42402156151608145
1000,70.08,22.011,1.664,0.639,51.701637,1.342,6.665,0.086361,0.184218,0.5472,-39.274635,Co-0.05_Xx3-0.95,0.3166666666666666,0.3166666666666666,0.3166666666666666,0.05,0.0,0.0,0.0,3.0,1000,0.051701636999999995,6665.0,0.4687952925593994
3000,71.17,22.015,1.662,0.639,152.739979,2.118,2.168,0.203318,0.061722,0.5607,-42.929126,Co-0.05_Xx3-0.95,0.3166666666666666,0.3166666666666666,0.3166666666666666,0.05,0.0,0.0,0.0,3.4771212547196626,3000,0.050913326333333335,6504.0,3.294039499052217
6000,72.8,22.021,1.66,0.639,298.847779,1.882,1.124,0.167202,0.031095,0.5405,-46.657927,Co-0.05_Xx3-0.95,0.3166666666666666,0.3166666666666666,0.3166666666666666,0.05,0.0,0.0,0.0,3.7781512503836434,6000,0.04980796316666667,6744.000000000001,5.376961667095446
9000,74.43,22.013,1.664,0.639,441.308012,1.823,0.777,0.164123,0.020883,0.5213,-50.453151,Co-0.05_Xx3-0.95,0.3166666666666666,0.3166666666666666,0.3166666666666666,0.05,0.0,0.0,0.0,3.9542425094393248,9000,0.049034223555555555,6993.0,7.858791419268339
12000,76.06,22.008,1.666,0.639,581.166871,1.882,0.6,0.181412,0.015776,0.5064,-54.278015,Co-0.05_Xx3-0.95,0.3166666666666666,0.3166666666666666,0.3166666666666666,0.05,0.0,0.0,0.0,4.079181246047625,12000,0.04843057258333333,7200.0,11.49851048995373
15000,77.69,22.017,1.661,0.639,716.16152,1.975,0.493,0.205661,0.01271,0.4932,-58.119474,Co-0.05_Xx3-0.95,0.3166666666666666,0.3166666666666666,0.3166666666666666,0.05,0.0,0.0,0.0,4.176091259055681,15000,0.04774410133333333,7395.0,16.179765557391235
18000,79.32,22.038,1.652,0.639,840.17879,2.068,0.423,0.231605,0.010665,0.4788,-61.975552,Co-0.05_Xx3-0.95,0.3166666666666666,0.3166666666666666,0.3166666666666666,0.05,0.0,0.0,0.0,4.2552725051033065,18000,0.046676599444444446,7614.0,21.714325895368464
21000,80.94,22.07,1.642,0.639,945.537386,2.158,0.374,0.256678,0.009204,0.4632,-65.845653,Co-0.05_Xx3-0.95,0.3166666666666666,0.3166666666666666,0.3166666666666666,0.05,0.0,0.0,0.0,4.3222192947339195,21000,0.04502558980952381,7854.0,27.88462791960891
24000,82.57,22.111,1.627,0.639,1026.380263,1.615,0.339,0.144748,0.008107,0.447,-69.728238,Co-0.05_Xx3-0.95,0.3166666666666666,0.3166666666666666,0.3166666666666666,0.05,0.0,0.0,0.0,4.380211241711606,24000,0.04276584429166667,8136.000000000001,17.852491366551554
27000,84.2,22.158,1.603,0.639,1080.337489,1.939,0.313,0.207221,0.007253,0.4305,-73.621911,Co-0.05_Xx3-0.95,0.3166666666666666,0.3166666666666666,0.3166666666666666,0.05,0.0,0.0,0.0,4.431363764158987,27000,0.04001249959259259,8451.0,28.566446098704162
30000,85.83,22.211,1.579,0.639,1108.300714,2.124,0.293,0.244326,0.00657,0.4139,-77.529234,Co-0.05_Xx3-0.95,0.3166666666666666,0.3166666666666666,0.3166666666666666,0.05,0.0,0.0,0.0,4.477121254719663,30000,0.036943357133333334,8790.0,37.18246842185359
100,69.64,22.022,1.663,0.649,5.199343,1.688,49.768,0.081878,1.753203,0.7328,-5.865629,Co-0.0_Xx3-1.0,0.3333333333333333,0.3333333333333333,0.3333333333333333,0.0,0.0,0.0,0.0,2.0,100,0.05199343,4976.8,0.046701924020250925
200,69.68,22.022,1.663,0.667,10.392033,1.806,25.372,0.097065,0.837161,0.7187,-9.626017,Co-0.0_Xx3-1.0,0.3333333333333333,0.3333333333333333,0.3333333333333333,0.0,0.0,0.0,0.0,2.3010299956639813,200,0.051960164999999996,5074.4,0.11594530090950138
300,69.74,22.021,1.663,0.671,15.575882,1.794,19.048,0.118637,0.553059,0.6382,-13.37809,Co-0.0_Xx3-1.0,0.3333333333333333,0.3333333333333333,0.3333333333333333,0.0,0.0,0.0,0.0,2.4771212547196626,300,0.051919606666666666,5714.4,0.21451017972733522
400,69.8,22.02,1.664,0.671,20.750866,1.813,15.241,0.135679,0.414685,0.5982,-17.099285,Co-0.0_Xx3-1.0,0.3333333333333333,0.3333333333333333,0.3333333333333333,0.0,0.0,0.0,0.0,2.6020599913279625,400,0.051877164999999996,6096.4,0.32718490616996954
500,69.86,22.02,1.664,0.669,25.917281,1.798,12.509,0.139334,0.333465,0.5831,-20.801242,Co-0.0_Xx3-1.0,0.3333333333333333,0.3333333333333333,0.3333333333333333,0.0,0.0,0.0,0.0,2.6989700043360187,500,0.051834562,6254.5,0.4178357013908465
600,69.93,22.02,1.664,0.665,31.075572,1.795,10.56,0.142043,0.280601,0.5756,-24.496808,Co-0.0_Xx3-1.0,0.3333333333333333,0.3333333333333333,0.3333333333333333,0.0,0.0,0.0,0.0,2.7781512503836434,600,0.051792620000000004,6336.0,0.5062080811968555
700,69.99,22.019,1.665,0.66,36.226274,1.809,9.145,0.146619,0.243866,0.5697,-28.191091,Co-0.0_Xx3-1.0,0.3333333333333333,0.3333333333333333,0.3333333333333333,0.0,0.0,0.0,0.0,2.845098040014257,700,0.05175182,6401.5,0.6012252580299917
800,70.04,22.019,1.665,0.653,41.369995,1.809,8.075,0.148946,0.217152,0.5645,-31.885161,Co-0.0_Xx3-1.0,0.3333333333333333,0.3333333333333333,0.3333333333333333,0.0,0.0,0.0,0.0,2.9030899869919438,800,0.051712493750000005,6459.999999999999,0.685903487402891
900,70.1,22.019,1.665,0.645,46.507374,1.812,7.228,0.151033,0.197107,0.5606,-35.578716,Co-0.0_Xx3-1.0,0.3333333333333333,0.3333333333333333,0.3333333333333333,0.0,0.0,0.0,0.0,2.9542425094393248,900,0.051674859999999996,6505.2,0.7662449012723989
1000,70.15,22.019,1.665,0.636,51.639048,1.794,6.53,0.148916,0.181413,0.5585,-39.271407,Co-0.0_Xx3-1.0,0.3333333333333333,0.3333333333333333,0.3333333333333333,0.0,0.0,0.0,0.0,3.0,1000,0.051639048,6530.0,0.8208627779553949
3000,71.2,22.024,1.661,0.636,152.639494,1.928,2.099,0.159205,0.060771,0.5791,-42.929031,Co-0.0_Xx3-1.0,0.3333333333333333,0.3333333333333333,0.3333333333333333,0.0,0.0,0.0,0.0,3.4771212547196626,3000,0.05087983133333334,6297.000000000001,2.619709734746265
6000,72.78,22.031,1.657,0.636,298.835574,1.874,1.103,0.160467,0.030608,0.551,-46.660342,Co-0.0_Xx3-1.0,0.3333333333333333,0.3333333333333333,0.3333333333333333,0.0,0.0,0.0,0.0,3.7781512503836434,6000,0.049805929,6618.0,5.24247770263648
9000,74.35,22.023,1.662,0.636,441.461618,1.798,0.767,0.156201,0.020551,0.5283,-50.455002,Co-0.0_Xx3-1.0,0.3333333333333333,0.3333333333333333,0.3333333333333333,0.0,0.0,0.0,0.0,3.9542425094393248,9000,0.04905129088888889,6903.0,7.600282210977034
12000,75.93,22.018,1.665,0.636,581.581123,1.807,0.592,0.16386,0.015522,0.5127,-54.278009,Co-0.0_Xx3-1.0,0.3333333333333333,0.3333333333333333,0.3333333333333333,0.0,0.0,0.0,0.0,4.079181246047625,12000,0.04846509358333334,7104.0,10.555949236616634
15000,77.5,22.026,1.66,0.636,716.992111,1.874,0.487,0.181796,0.012503,0.499,-58.116935,Co-0.0_Xx3-1.0,0.3333333333333333,0.3333333333333333,0.3333333333333333,0.0,0.0,0.0,0.0,4.176091259055681,15000,0.04779947406666667,7305.0,14.53902751119642
18000,79.08,22.046,1.648,0.636,841.671236,1.953,0.418,0.203155,0.010489,0.4842,-61.969626,Co-0.0_Xx3-1.0,0.3333333333333333,0.3333333333333333,0.3333333333333333,0.0,0.0,0.0,0.0,4.2552725051033065,18000,0.04675951311111111,7524.0,19.366539561487134
21000,80.65,22.076,1.636,0.636,947.994033,2.027,0.371,0.223309,0.00905,0.4681,-65.836323,Co-0.0_Xx3-1.0,0.3333333333333333,0.3333333333333333,0.3333333333333333,0.0,0.0,0.0,0.0,4.3222192947339195,21000,0.045142573,7791.0,24.67230140315987
24000,82.23,22.114,1.625,0.636,1030.08204,1.732,0.336,0.164363,0.00797,0.4515,-69.716391,Co-0.0_Xx3-1.0,0.3333333333333333,0.3333333333333333,0.3333333333333333,0.0,0.0,0.0,0.0,4.380211241711606,24000,0.042920085000000004,8064.000000000001,20.620122945678087
27000,83.8,22.16,1.607,0.636,1085.475596,1.827,0.31,0.181997,0.007129,0.4346,-73.607869,Co-0.0_Xx3-1.0,0.3333333333333333,0.3333333333333333,0.3333333333333333,0.0,0.0,0.0,0.0,4.431363764158987,27000,0.04020279985185185,8370.0,25.525525946704064
30000,85.37,22.21,1.58,0.636,1114.944927,1.986,0.29,0.211736,0.006456,0.4177,-77.510147,Co-0.0_Xx3-1.0,0.3333333333333333,0.3333333333333333,0.3333333333333333,0.0,0.0,0.0,0.0,4.477121254719663,30000,0.0371648309,8700.0,32.79169893139229
100,69.41,21.981,1.677,0.57,5.219947,1.384,40.209,0.036832,2.336198,0.907,-5.855433,Co-0.15_Xx3-0.85,0.2833333333333333,0.2833333333333333,0.2833333333333333,0.15,0.0,0.0,0.0,2.0,100,0.052199470000000005,4020.9000000000005,0.015765780226770065
200,69.45,21.982,1.677,0.591,10.433298,1.364,29.265,0.071926,1.110341,0.6231,-9.727267,Co-0.15_Xx3-0.85,0.2833333333333333,0.2833333333333333,0.2833333333333333,0.15,0.0,0.0,0.0,2.3010299956639813,200,0.05216649,5853.0,0.0647782394973801
300,69.51,21.982,1.676,0.596,15.638077,1.336,20.479,0.075047,0.731924,0.5936,-13.441195,Co-0.15_Xx3-0.85,0.2833333333333333,0.2833333333333333,0.2833333333333333,0.15,0.0,0.0,0.0,2.4771212547196626,300,0.05212692333333333,6143.7,0.10253372954879257
400,69.56,21.983,1.676,0.598,20.834318,1.352,15.445,0.077583,0.546922,0.5903,-17.130669,Co-0.15_Xx3-0.85,0.2833333333333333,0.2833333333333333,0.2833333333333333,0.15,0.0,0.0,0.0,2.6020599913279625,400,0.052085795,6178.0,0.14185360644917108
500,69.62,21.983,1.676,0.598,26.022285,1.359,12.445,0.079266,0.437434,0.5861,-20.819353,Co-0.15_Xx3-0.85,0.2833333333333333,0.2833333333333333,0.2833333333333333,0.15,0.0,0.0,0.0,2.6989700043360187,500,0.05204457,6222.5,0.18120635065781204
600,69.68,21.983,1.676,0.597,31.202294,1.357,10.472,0.080294,0.365346,0.5804,-24.509091,Co-0.15_Xx3-0.85,0.2833333333333333,0.2833333333333333,0.2833333333333333,0.15,0.0,0.0,0.0,2.7781512503836434,600,0.05200382333333333,6283.2,0.21977462521931207
700,69.73,21.983,1.676,0.595,36.374651,1.342,9.08,0.0801,0.31451,0.5738,-28.199845,Co-0.15_Xx3-0.85,0.2833333333333333,0.2833333333333333,0.2833333333333333,0.15,0.0,0.0,0.0,2.845098040014257,700,0.05196378714285714,6356.0,0.2546810763375526
800,69.79,21.983,1.676,0.593,41.53966,1.349,8.038,0.082441,0.276976,0.5671,-31.891119,Co-0.15_Xx3-0.85,0.2833333333333333,0.2833333333333333,0.2833333333333333,0.15,0.0,0.0,0.0,2.9030899869919438,800,0.051924575,6430.400000000001,0.297645652888146
900,69.84,21.983,1.676,0.59,46.697624,1.341,7.223,0.082912,0.24823,0.561,-35.582379,Co-0.15_Xx3-0.85,0.2833333333333333,0.2833333333333333,0.2833333333333333,0.15,0.0,0.0,0.0,2.9542425094393248,900,0.05188624888888889,6500.7,0.33401146512724034
1000,69.9,21.983,1.676,0.586,51.848857,1.353,6.563,0.08583,0.225519,0.5557,-39.273439,Co-0.15_Xx3-0.85,0.2833333333333333,0.2833333333333333,0.2833333333333333,0.15,0.0,0.0,0.0,3.0,1000,0.051848857000000005,6563.0,0.3805870876197233
3000,70.97,21.987,1.675,0.586,153.168953,2.046,2.246,0.202009,0.075555,0.5412,-42.930194,Co-0.15_Xx3-0.85,0.2833333333333333,0.2833333333333333,0.2833333333333333,0.15,0.0,0.0,0.0,3.4771212547196626,3000,0.05105631766666666,6738.0,2.6736328021599873
6000,72.57,21.991,1.673,0.586,299.881085,1.817,1.134,0.15873,0.03806,0.5357,-46.651875,Co-0.15_Xx3-0.85,0.2833333333333333,0.2833333333333333,0.2833333333333333,0.15,0.0,0.0,0.0,3.7781512503836434,6000,0.04998018083333333,6803.999999999999,4.1704106565776
9000,74.18,21.981,1.677,0.586,443.267023,1.802,0.776,0.160799,0.025559,0.5217,-50.445114,Co-0.15_Xx3-0.85,0.2833333333333333,0.2833333333333333,0.2833333333333333,0.15,0.0,0.0,0.0,3.9542425094393248,9000,0.049251891444444446,6984.0,6.2910406885759
12000,75.79,21.978,1.678,0.586,584.281192,1.874,0.599,0.180354,0.019307,0.5071,-54.268438,Co-0.15_Xx3-0.85,0.2833333333333333,0.2833333333333333,0.2833333333333333,0.15,0.0,0.0,0.0,4.079181246047625,12000,0.048690099333333334,7188.0,9.340894965817276
15000,77.39,21.989,1.674,0.586,720.478862,1.974,0.492,0.206401,0.015554,0.4938,-58.107805,Co-0.15_Xx3-0.85,0.2833333333333333,0.2833333333333333,0.2833333333333333,0.15,0.0,0.0,0.0,4.176091259055681,15000,0.048031924133333334,7380.0,13.269109611057539
18000,79.0,22.014,1.664,0.586,845.449224,2.073,0.422,0.233554,0.013051,0.4794,-61.960926,Co-0.15_Xx3-0.85,0.2833333333333333,0.2833333333333333,0.2833333333333333,0.15,0.0,0.0,0.0,4.2552725051033065,18000,0.046969401333333334,7596.0,17.89411584431505
21000,80.61,22.05,1.648,0.586,951.233539,2.164,0.374,0.258894,0.011262,0.464,-65.826014,Co-0.15_Xx3-0.85,0.2833333333333333,0.2833333333333333,0.2833333333333333,0.15,0.0,0.0,0.0,4.3222192947339195,21000,0.04529683519047619,7854.0,22.98623812483353
24000,82.21,22.094,1.624,0.586,1031.849305,1.607,0.339,0.143441,0.009919,0.448,-69.702321,Co-0.15_Xx3-0.85,0.2833333333333333,0.2833333333333333,0.2833333333333333,0.15,0.0,0.0,0.0,4.380211241711606,24000,0.04299372104166666,8136.000000000001,14.459778225806453
27000,83.82,22.145,1.603,0.586,1084.970765,1.92,0.312,0.203256,0.008874,0.4316,-73.592745,Co-0.15_Xx3-0.85,0.2833333333333333,0.2833333333333333,0.2833333333333333,0.15,0.0,0.0,0.0,4.431363764158987,27000,0.040184102407407406,8424.0,22.902084507042254
30000,85.43,22.202,1.6,0.586,1111.645448,2.085,0.292,0.235028,0.008037,0.4152,-77.50162,Co-0.15_Xx3-0.85,0.2833333333333333,0.2833333333333333,0.2833333333333333,0.15,0.0,0.0,0.0,4.477121254719663,30000,0.03705484826666667,8760.0,29.239611843742225
100,69.48,21.998,1.669,0.609,5.21391,1.254,36.155,0.024472,2.0464,1.0087,-5.846778,Co-0.1_Xx3-0.9,0.3,0.3,0.3,0.1,0.0,0.0,0.0,2.0,100,0.0521391,3615.5,0.01195855553237122
200,69.53,21.998,1.669,0.629,10.421223,1.29,21.544,0.036548,0.974254,0.8464,-9.601496,Co-0.1_Xx3-0.9,0.3,0.3,0.3,0.1,0.0,0.0,0.0,2.3010299956639813,200,0.052106114999999995,4308.8,0.037513792590235615
300,69.58,21.998,1.669,0.633,15.619567,1.271,17.214,0.049709,0.64296,0.7062,-13.364389,Co-0.1_Xx3-0.9,0.3,0.3,0.3,0.1,0.0,0.0,0.0,2.4771212547196626,300,0.052065223333333334,5164.2,0.07731262082770184
400,69.64,21.999,1.669,0.634,20.808989,1.295,14.315,0.062105,0.481269,0.6369,-17.093368,Co-0.1_Xx3-0.9,0.3,0.3,0.3,0.1,0.0,0.0,0.0,2.6020599913279625,400,0.0520224725,5726.0,0.12904398778232593
500,69.7,21.999,1.669,0.633,25.989859,1.297,12.1,0.068687,0.385879,0.6028,-20.801836,Co-0.1_Xx3-0.9,0.3,0.3,0.3,0.1,0.0,0.0,0.0,2.6989700043360187,500,0.051979718,6050.0,0.17800093293251787
600,69.76,21.999,1.669,0.631,31.162637,1.308,10.395,0.073513,0.323356,0.5847,-24.500513,Co-0.1_Xx3-0.9,0.3,0.3,0.3,0.1,0.0,0.0,0.0,2.7781512503836434,600,0.051937728333333336,6237.0,0.22734315323311388
700,69.82,21.999,1.669,0.628,36.327794,1.321,9.081,0.077511,0.27954,0.5737,-28.195122,Co-0.1_Xx3-0.9,0.3,0.3,0.3,0.1,0.0,0.0,0.0,2.845098040014257,700,0.05189684857142857,6356.7,0.2772795403894241
800,69.87,21.999,1.669,0.624,41.48579,1.338,8.057,0.081346,0.247361,0.5658,-31.888307,Co-0.1_Xx3-0.9,0.3,0.3,0.3,0.1,0.0,0.0,0.0,2.9030899869919438,800,0.0518572375,6445.6,0.3288540681268748
900,69.93,21.999,1.669,0.618,46.637079,1.342,7.242,0.083323,0.22292,0.5595,-35.580987,Co-0.1_Xx3-0.9,0.3,0.3,0.3,0.1,0.0,0.0,0.0,2.9542425094393248,900,0.05181897666666667,6517.8,0.37377815459288266
1000,69.99,21.998,1.669,0.612,51.782099,1.349,6.577,0.085465,0.203679,0.5545,-39.273244,Co-0.1_Xx3-0.9,0.3,0.3,0.3,0.1,0.0,0.0,0.0,3.0,1000,0.051782099000000005,6577.0,0.4196042812254517
3000,71.06,22.002,1.668,0.612,152.994028,2.085,2.2,0.202421,0.068238,0.5524,-42.929469,Co-0.1_Xx3-0.9,0.3,0.3,0.3,0.1,0.0,0.0,0.0,3.4771212547196626,3000,0.05099800933333333,6600.000000000001,2.966353551488152
6000,72.66,22.007,1.666,0.612,299.48113,1.846,1.126,0.161531,0.034374,0.5397,-46.654166,Co-0.1_Xx3-0.9,0.3,0.3,0.3,0.1,0.0,0.0,0.0,3.7781512503836434,6000,0.04991352166666667,6755.999999999999,4.699083636363636
9000,74.27,21.998,1.669,0.612,442.518757,1.811,0.774,0.161538,0.023084,0.5231,-50.447958,Co-0.1_Xx3-0.9,0.3,0.3,0.3,0.1,0.0,0.0,0.0,3.9542425094393248,9000,0.04916875077777778,6966.0,6.99753086419753
12000,75.88,21.994,1.671,0.612,583.106134,1.878,0.597,0.179947,0.017437,0.5084,-54.271543,Co-0.1_Xx3-0.9,0.3,0.3,0.3,0.1,0.0,0.0,0.0,4.079181246047625,12000,0.04859217783333333,7164.0,10.319245326298885
15000,77.48,22.004,1.667,0.612,718.884995,1.974,0.491,0.204975,0.014047,0.4952,-58.111469,Co-0.1_Xx3-0.9,0.3,0.3,0.3,0.1,0.0,0.0,0.0,4.176091259055681,15000,0.04792566633333333,7365.0,14.591044988610477
18000,79.09,22.027,1.659,0.612,843.585949,2.071,0.421,0.2315,0.011786,0.4808,-61.965678,Co-0.1_Xx3-0.9,0.3,0.3,0.3,0.1,0.0,0.0,0.0,4.2552725051033065,18000,0.046865886055555556,7578.0,19.640281666242473
21000,80.7,22.061,1.647,0.612,949.376663,2.16,0.373,0.256327,0.010171,0.4653,-65.832798,Co-0.1_Xx3-0.9,0.3,0.3,0.3,0.1,0.0,0.0,0.0,4.3222192947339195,21000,0.04520841252380953,7833.0,25.199272512780187
24000,82.31,22.103,1.626,0.612,1030.322237,1.609,0.338,0.143062,0.008958,0.4491,-69.711259,Co-0.1_Xx3-0.9,0.3,0.3,0.3,0.1,0.0,0.0,0.0,4.380211241711606,24000,0.04293009320833334,8112.000000000001,15.968523272686683
27000,83.91,22.152,1.601,0.612,1084.060565,1.928,0.312,0.204,0.008014,0.4327,-73.601408,Co-0.1_Xx3-0.9,0.3,0.3,0.3,0.1,0.0,0.0,0.0,4.431363764158987,27000,0.040150391296296294,8424.0,25.45227698066126
30000,85.52,22.207,1.586,0.612,1111.550701,2.105,0.292,0.238645,0.007258,0.4161,-77.50804,Co-0.1_Xx3-0.9,0.3,0.3,0.3,0.1,0.0,0.0,0.0,4.477121254719663,30000,0.03705169003333333,8760.0,32.87574046011847
100,70.4,21.292,2.874,2.154,4.981984,1.916,52.444,0.111255,0.163712,0.6954,-5.823717,Co,0.0,0.0,0.0,1.0,0.0,0.0,0.0,2.0,100,0.04981984,5244.400000000001,0.6795733997910979
200,70.49,21.292,2.873,1.983,9.949379,1.91,29.378,0.135279,0.098004,0.6207,-9.586962,Co,0.0,0.0,0.0,1.0,0.0,0.0,0.0,2.3010299956639813,200,0.049746895,5875.6,1.380327534309474
300,70.59,21.292,2.872,1.719,14.903087,1.912,21.227,0.155891,0.089256,0.5727,-13.322052,Co,0.0,0.0,0.0,1.0,0.0,0.0,0.0,2.4771212547196626,300,0.04967695666666667,6368.1,1.746540887549436
400,70.66,21.292,2.87,1.496,19.847744,1.914,17.112,0.176447,0.09075,0.5328,-17.051759,Co,0.0,0.0,0.0,1.0,0.0,0.0,0.0,2.6020599913279625,400,0.049619359999999994,6844.799999999999,1.9442981344558186
500,70.72,21.291,2.867,1.318,24.78579,1.918,14.466,0.19436,0.095734,0.5042,-20.774094,Co,0.0,0.0,0.0,1.0,0.0,0.0,0.0,2.6989700043360187,500,0.04957158,7233.0,2.030187496735781
600,70.77,21.29,2.864,1.175,29.718487,1.92,12.579,0.208875,0.102202,0.4832,-24.491807,Co,0.0,0.0,0.0,1.0,0.0,0.0,0.0,2.7781512503836434,600,0.04953081166666667,7547.400000000001,2.0437267007817774
700,70.8,21.29,2.861,1.06,34.646595,1.917,11.149,0.219852,0.109281,0.4673,-28.206987,Co,0.0,0.0,0.0,1.0,0.0,0.0,0.0,2.845098040014257,700,0.04949513571428571,7804.299999999999,2.0117860214856975
800,70.83,21.289,2.858,0.964,39.570664,1.912,10.019,0.228263,0.116474,0.455,-31.920794,Co,0.0,0.0,0.0,1.0,0.0,0.0,0.0,2.9030899869919438,800,0.04946333,8015.2,1.9597596050654646
900,70.86,21.289,2.855,0.884,44.491143,1.907,9.1,0.235055,0.123454,0.4453,-35.633869,Co,0.0,0.0,0.0,1.0,0.0,0.0,0.0,2.9542425094393248,900,0.049434603333333334,8190.0,1.9039731076100603
1000,70.88,21.288,2.851,0.819,49.40844,1.902,8.338,0.240387,0.12902,0.4374,-39.346662,Co,0.0,0.0,0.0,1.0,0.0,0.0,0.0,3.0,1000,0.04940844,8338.0,1.8631618108679981
3000,71.29,21.264,2.734,0.819,147.106007,2.48,3.303,0.532272,0.04309,0.368,-43.253133,Co,0.0,0.0,0.0,1.0,0.0,0.0,0.0,3.4771212547196626,3000,0.049035335666666666,9909.0,12.352277737810677
6000,71.91,21.232,2.597,0.819,294.067352,2.702,1.885,0.771528,0.021607,0.3224,-47.139319,Co,0.0,0.0,0.0,1.0,0.0,0.0,0.0,3.7781512503836434,6000,0.04901122533333334,11310.0,35.705664568678266
9000,72.53,21.229,2.585,0.819,440.729923,2.937,1.326,0.986651,0.014446,0.3054,-50.970946,Co,0.0,0.0,0.0,1.0,0.0,0.0,0.0,3.9542425094393248,9000,0.048969991444444444,11934.0,68.29452481484044
12000,73.15,21.254,2.688,0.819,569.83887,3.178,1.002,1.132505,0.010865,0.3031,-54.795719,Co,0.0,0.0,0.0,1.0,0.0,0.0,0.0,4.079181246047625,12000,0.047486572500000004,12024.0,104.2246456837843
15000,73.77,21.301,2.92,0.819,659.129398,3.417,0.796,1.198771,0.008717,0.3053,-58.632067,Co,0.0,0.0,0.0,1.0,0.0,0.0,0.0,4.176091259055681,15000,0.04394195986666667,11940.0,137.50527643955036
18000,74.39,21.365,3.292,0.819,701.92028,3.651,0.661,1.207369,0.007284,0.3065,-62.485623,Co,0.0,0.0,0.0,1.0,0.0,0.0,0.0,4.2552725051033065,18000,0.03899557111111111,11898.0,165.73356211393272
21000,75.01,21.44,3.712,0.819,706.379293,3.88,0.568,1.182222,0.006261,0.3054,-66.342751,Co,0.0,0.0,0.0,1.0,0.0,0.0,0.0,4.3222192947339195,21000,0.03363710919047619,11927.999999999998,188.79303736825295
24000,75.63,21.523,3.813,0.819,685.926068,1.767,0.503,0.21177,0.005493,0.3021,-70.163764,Co,0.0,0.0,0.0,1.0,0.0,0.0,0.0,4.380211241711606,24000,0.028580252833333333,12072.0,38.54568620313069
27000,76.25,21.613,3.08,0.819,652.599376,1.936,0.454,0.220314,0.004896,0.297,-73.884819,Co,0.0,0.0,0.0,1.0,0.0,0.0,0.0,4.431363764158987,27000,0.024170347259259258,12258.0,44.98958546048601
30000,76.87,21.707,1.719,0.819,614.762508,2.233,0.418,0.25635,0.004419,0.2903,-77.45061,Co,0.0,0.0,0.0,1.0,0.0,0.0,0.0,4.477121254719663,30000,0.020492083600000002,12540.0,57.997737556561084
100,69.62,21.523,2.028,0.52,5.092238,2.816,144.263,1.237617,2.246624,0.2528,-6.354842,Cr-0.05_Xx3-0.95,0.3166666666666666,0.05,0.3166666666666666,0.3166666666666666,0.0,0.0,0.0,2.0,100,0.05092238,14426.300000000001,0.5508783174762142
200,69.66,21.522,2.027,0.541,10.178637,2.84,67.163,1.136672,1.071136,0.2715,-10.013755,Cr-0.05_Xx3-0.95,0.3166666666666666,0.05,0.3166666666666666,0.3166666666666666,0.0,0.0,0.0,2.3010299956639813,200,0.050893185,13432.599999999999,1.0611826498384427
300,69.71,21.521,2.024,0.546,15.256654,2.813,42.804,1.044792,0.705399,0.284,-13.684241,Cr-0.05_Xx3-0.95,0.3166666666666666,0.05,0.3166666666666666,0.3166666666666666,0.0,0.0,0.0,2.4771212547196626,300,0.05085551333333333,12841.2,1.4811341083073433
400,69.77,21.52,2.023,0.549,20.325505,2.818,30.864,0.989755,0.526473,0.2954,-17.354381,Cr-0.05_Xx3-0.95,0.3166666666666666,0.05,0.3166666666666666,0.3166666666666666,0.0,0.0,0.0,2.6020599913279625,400,0.0508137625,12345.6,1.8799693812040101
500,69.83,21.519,2.021,0.549,25.384806,2.782,24.329,0.942894,0.420588,0.2998,-21.032664,Cr-0.05_Xx3-0.95,0.3166666666666666,0.05,0.3166666666666666,0.3166666666666666,0.0,0.0,0.0,2.6989700043360187,500,0.050769612000000006,12164.5,2.2418417980498777
600,69.88,21.518,2.02,0.549,30.434317,2.784,20.16,0.935715,0.350909,0.3015,-24.713369,Cr-0.05_Xx3-0.95,0.3166666666666666,0.05,0.3166666666666666,0.3166666666666666,0.0,0.0,0.0,2.7781512503836434,600,0.05072386166666667,12096.0,2.6665384286569203
700,69.94,21.518,2.019,0.548,35.473912,2.754,17.2,0.908965,0.301809,0.3029,-28.393956,Cr-0.05_Xx3-0.95,0.3166666666666666,0.05,0.3166666666666666,0.3166666666666666,0.0,0.0,0.0,2.845098040014257,700,0.05067701714285714,12040.0,3.0117126669096455
800,70.0,21.518,2.019,0.545,40.50365,2.744,14.98,0.895192,0.265562,0.3043,-32.074798,Cr-0.05_Xx3-0.95,0.3166666666666666,0.05,0.3166666666666666,0.3166666666666666,0.0,0.0,0.0,2.9030899869919438,800,0.0506295625,11984.0,3.3709214009481743
900,70.05,21.517,2.018,0.542,45.523801,2.773,13.255,0.907498,0.237841,0.3057,-35.756443,Cr-0.05_Xx3-0.95,0.3166666666666666,0.05,0.3166666666666666,0.3166666666666666,0.0,0.0,0.0,2.9542425094393248,900,0.05058200111111111,11929.5,3.8155498187872623
1000,70.11,21.517,2.018,0.539,50.534832,2.774,11.871,0.900649,0.215983,0.3072,-39.439069,Cr-0.05_Xx3-0.95,0.3166666666666666,0.05,0.3166666666666666,0.3166666666666666,0.0,0.0,0.0,3.0,1000,0.050534832,11871.0,4.169980183717312
3000,71.17,21.505,1.996,0.539,149.123376,1.578,3.655,0.254777,0.072358,0.3326,-43.088278,Cr-0.05_Xx3-0.95,0.3166666666666666,0.05,0.3166666666666666,0.3166666666666666,0.0,0.0,0.0,3.4771212547196626,3000,0.049707792,10965.0,3.5210132810016717
6000,72.78,21.482,1.955,0.539,293.850446,1.729,1.779,0.289372,0.036449,0.3416,-46.879501,Cr-0.05_Xx3-0.95,0.3166666666666666,0.05,0.3166666666666666,0.3166666666666666,0.0,0.0,0.0,3.7781512503836434,6000,0.04897507433333333,10674.0,7.938875171467764
9000,74.38,21.483,1.956,0.539,437.177649,1.801,1.203,0.318454,0.024476,0.3366,-50.706602,Cr-0.05_Xx3-0.95,0.3166666666666666,0.05,0.3166666666666666,0.3166666666666666,0.0,0.0,0.0,3.9542425094393248,9000,0.04857529433333333,10827.0,13.010336234015606
12000,75.98,21.506,1.997,0.539,579.240475,1.885,0.92,0.356866,0.018488,0.3301,-54.553063,Cr-0.05_Xx3-0.95,0.3166666666666666,0.05,0.3166666666666666,0.3166666666666666,0.0,0.0,0.0,4.079181246047625,12000,0.04827003958333333,11040.0,19.301530639839903
15000,77.58,21.548,2.077,0.539,716.038585,1.992,0.745,0.401339,0.014894,0.3261,-58.415328,Cr-0.05_Xx3-0.95,0.3166666666666666,0.05,0.3166666666666666,0.3166666666666666,0.0,0.0,0.0,4.176091259055681,15000,0.04773590566666667,11175.0,26.94454514937899
18000,79.19,21.605,2.199,0.539,838.718818,2.106,0.628,0.445462,0.012496,0.3223,-62.295478,Cr-0.05_Xx3-0.95,0.3166666666666666,0.05,0.3166666666666666,0.3166666666666666,0.0,0.0,0.0,4.2552725051033065,18000,0.04659548988888889,11304.0,35.645514923581665
21000,80.79,21.672,2.423,0.539,937.56519,2.207,0.547,0.479339,0.010783,0.3174,-66.205083,Cr-0.05_Xx3-0.95,0.3166666666666666,0.05,0.3166666666666666,0.3166666666666666,0.0,0.0,0.0,4.3222192947339195,21000,0.04464596142857143,11487.0,44.449091246290806
24000,82.39,21.748,2.832,0.539,1006.489913,2.223,0.488,0.470079,0.009497,0.3114,-70.152431,Cr-0.05_Xx3-0.95,0.3166666666666666,0.05,0.3166666666666666,0.3166666666666666,0.0,0.0,0.0,4.380211241711606,24000,0.04193707970833333,11712.0,49.49241945672774
27000,83.99,21.831,3.236,0.539,1044.452244,1.608,0.444,0.234736,0.008496,0.3043,-74.103279,Cr-0.05_Xx3-0.95,0.3166666666666666,0.05,0.3166666666666666,0.3166666666666666,0.0,0.0,0.0,4.431363764158987,27000,0.038683416444444445,11988.0,27.625750264799343
30000,85.6,21.917,3.212,0.539,1054.399591,1.468,0.41,0.184656,0.007695,0.2965,-78.005996,Cr-0.05_Xx3-0.95,0.3166666666666666,0.05,0.3166666666666666,0.3166666666666666,0.0,0.0,0.0,4.477121254719663,30000,0.035146653033333336,12300.0,23.993762993762992
100,69.92,21.335,2.295,0.529,5.019091,1.64,82.306,0.177876,2.142706,0.4431,-6.059949,Cr-0.0_Xx3-1.0,0.3333333333333333,0.3333333333333333,0.3333333333333333,0.0,0.0,0.0,0.0,2.0,100,0.050190910000000005,8230.6,0.0830146165574668
200,69.96,21.335,2.295,0.551,10.031609,1.631,42.191,0.183062,1.01787,0.4322,-9.770461,Cr-0.0_Xx3-1.0,0.3333333333333333,0.3333333333333333,0.3333333333333333,0.0,0.0,0.0,0.0,2.3010299956639813,200,0.050158045,8438.2,0.1798479375087806
300,70.02,21.336,2.297,0.556,15.034196,1.608,29.621,0.193063,0.66974,0.4104,-13.485444,Cr-0.0_Xx3-1.0,0.3333333333333333,0.3333333333333333,0.3333333333333333,0.0,0.0,0.0,0.0,2.4771212547196626,300,0.050113986666666666,8886.3,0.288265165190723
400,70.08,21.337,2.3,0.558,20.026051,1.59,24.114,0.214151,0.49982,0.3781,-17.209748,Cr-0.0_Xx3-1.0,0.3333333333333333,0.3333333333333333,0.3333333333333333,0.0,0.0,0.0,0.0,2.6020599913279625,400,0.0500651275,9645.6,0.4284553870285563
500,70.14,21.338,2.303,0.559,25.007111,1.565,20.668,0.230601,0.399548,0.3529,-20.927055,Cr-0.0_Xx3-1.0,0.3333333333333333,0.3333333333333333,0.3333333333333333,0.0,0.0,0.0,0.0,2.6989700043360187,500,0.050014222,10334.0,0.577153240278414
600,70.19,21.339,2.305,0.558,29.977598,1.537,18.09,0.239165,0.333821,0.336,-24.635714,Cr-0.0_Xx3-1.0,0.3333333333333333,0.3333333333333333,0.3333333333333333,0.0,0.0,0.0,0.0,2.7781512503836434,600,0.04996266333333333,10854.0,0.7164446920814087
700,70.25,21.339,2.306,0.556,34.937846,1.535,16.011,0.250207,0.287715,0.3254,-28.337599,Cr-0.0_Xx3-1.0,0.3333333333333333,0.3333333333333333,0.3333333333333333,0.0,0.0,0.0,0.0,2.845098040014257,700,0.04991120857142857,11207.699999999999,0.8696318591944836
800,70.31,21.339,2.306,0.552,39.888317,1.521,14.299,0.252965,0.253828,0.3188,-32.035403,Cr-0.0_Xx3-1.0,0.3333333333333333,0.3333333333333333,0.3333333333333333,0.0,0.0,0.0,0.0,2.9030899869919438,800,0.04986039625,11439.199999999999,0.9965961336175142
900,70.37,21.339,2.305,0.548,44.829607,1.51,12.88,0.253801,0.22809,0.3146,-35.731254,Cr-0.0_Xx3-1.0,0.3333333333333333,0.3333333333333333,0.3333333333333333,0.0,0.0,0.0,0.0,2.9542425094393248,900,0.049810674444444446,11592.0,1.1127181695025232
1000,70.42,21.338,2.305,0.543,49.762435,1.504,11.689,0.254623,0.207869,0.312,-39.426296,Cr-0.0_Xx3-1.0,0.3333333333333333,0.3333333333333333,0.3333333333333333,0.0,0.0,0.0,0.0,3.0,1000,0.049762435,11689.0,1.2249146100928465
3000,71.5,21.321,2.256,0.543,146.952087,1.476,4.044,0.254985,0.069641,0.3006,-43.170675,Cr-0.0_Xx3-1.0,0.3333333333333333,0.3333333333333333,0.3333333333333333,0.0,0.0,0.0,0.0,3.4771212547196626,3000,0.048984029000000005,12131.999999999998,3.661368139915569
6000,73.11,21.299,2.202,0.543,290.122537,1.606,2.095,0.31374,0.03508,0.2901,-47.008431,Cr-0.0_Xx3-1.0,0.3333333333333333,0.3333333333333333,0.3333333333333333,0.0,0.0,0.0,0.0,3.7781512503836434,6000,0.04835375616666667,12570.000000000002,8.94330264245603
9000,74.72,21.308,2.224,0.543,432.324023,1.664,1.433,0.347347,0.023558,0.2827,-50.853144,Cr-0.0_Xx3-1.0,0.3333333333333333,0.3333333333333333,0.3333333333333333,0.0,0.0,0.0,0.0,3.9542425094393248,9000,0.048036002555555554,12897.0,14.743707288085233
12000,76.34,21.341,2.312,0.543,574.033477,1.757,1.096,0.39693,0.017794,0.2771,-54.71373,Cr-0.0_Xx3-1.0,0.3333333333333333,0.3333333333333333,0.3333333333333333,0.0,0.0,0.0,0.0,4.079181246047625,12000,0.04783612308333333,13152.000000000002,22.305703849395897
15000,77.95,21.392,2.504,0.543,713.391553,1.858,0.884,0.446684,0.014335,0.2748,-58.597453,Cr-0.0_Xx3-1.0,0.3333333333333333,0.3333333333333333,0.3333333333333333,0.0,0.0,0.0,0.0,4.176091259055681,15000,0.04755943686666667,13260.0,31.158203125000004
18000,79.57,21.458,2.862,0.543,844.739654,1.959,0.741,0.494083,0.012028,0.2732,-62.51375,Cr-0.0_Xx3-1.0,0.3333333333333333,0.3333333333333333,0.3333333333333333,0.0,0.0,0.0,0.0,4.2552725051033065,18000,0.046929980777777776,13338.0,41.07432039238507
21000,81.18,21.534,3.274,0.543,959.727153,2.044,0.641,0.530923,0.010379,0.2706,-66.44192,Cr-0.0_Xx3-1.0,0.3333333333333333,0.3333333333333333,0.3333333333333333,0.0,0.0,0.0,0.0,4.3222192947339195,21000,0.045701293000000004,13461.0,51.14865125240849
24000,82.79,21.618,3.338,0.543,1050.780191,1.431,0.569,0.254198,0.009141,0.2669,-70.332436,Cr-0.0_Xx3-1.0,0.3333333333333333,0.3333333333333333,0.3333333333333333,0.0,0.0,0.0,0.0,4.380211241711606,24000,0.043782507958333335,13655.999999999998,27.805513016845328
27000,84.41,21.707,2.734,0.543,1113.690091,1.417,0.515,0.240727,0.008178,0.2621,-74.140554,Cr-0.0_Xx3-1.0,0.3333333333333333,0.3333333333333333,0.3333333333333333,0.0,0.0,0.0,0.0,4.431363764158987,27000,0.041247781148148144,13905.0,29.432326690304443
30000,86.02,21.801,1.685,0.543,1148.103783,1.389,0.473,0.221124,0.007407,0.2564,-77.838627,Cr-0.0_Xx3-1.0,0.3333333333333333,0.3333333333333333,0.3333333333333333,0.0,0.0,0.0,0.0,4.477121254719663,30000,0.0382701261,14190.0,29.84935205183585
100,69.3,21.779,1.717,0.531,5.194161,2.374,31.136,0.06442,2.456735,1.1713,-5.763903,Cr-0.15_Xx3-0.85,0.2833333333333333,0.15,0.2833333333333333,0.2833333333333333,0.0,0.0,0.0,2.0,100,0.05194161,3113.6,0.026221783699998696
200,69.34,21.78,1.717,0.551,10.382111,2.35,27.135,0.185437,1.172566,0.672,-9.708693,Cr-0.15_Xx3-0.85,0.2833333333333333,0.15,0.2833333333333333,0.2833333333333333,0.0,0.0,0.0,2.3010299956639813,200,0.051910555,5427.0,0.15814618695562813
300,69.39,21.78,1.717,0.558,15.561657,2.342,22.083,0.261392,0.76983,0.5505,-13.488011,Cr-0.15_Xx3-0.85,0.2833333333333333,0.15,0.2833333333333333,0.2833333333333333,0.0,0.0,0.0,2.4771212547196626,300,0.05187219,6624.9,0.33954465330702455
400,69.45,21.779,1.717,0.562,20.73262,2.303,18.411,0.301822,0.572138,0.4952,-17.218634,Cr-0.15_Xx3-0.85,0.2833333333333333,0.15,0.2833333333333333,0.2833333333333333,0.0,0.0,0.0,2.6020599913279625,400,0.051831550000000004,7364.400000000001,0.5275326450390551
500,69.5,21.779,1.717,0.564,25.894835,2.299,15.757,0.335991,0.454943,0.4629,-20.92932,Cr-0.15_Xx3-0.85,0.2833333333333333,0.15,0.2833333333333333,0.2833333333333333,0.0,0.0,0.0,2.6989700043360187,500,0.05178967,7878.5,0.7385326545684744
600,69.56,21.778,1.717,0.566,31.048167,2.271,13.711,0.351226,0.377739,0.4433,-24.628503,Cr-0.15_Xx3-0.85,0.2833333333333333,0.15,0.2833333333333333,0.2833333333333333,0.0,0.0,0.0,2.7781512503836434,600,0.051746944999999996,8226.6,0.9298088632392651
700,69.62,21.778,1.717,0.567,36.19255,2.303,12.079,0.377151,0.323345,0.4313,-28.320422,Cr-0.15_Xx3-0.85,0.2833333333333333,0.15,0.2833333333333333,0.2833333333333333,0.0,0.0,0.0,2.845098040014257,700,0.05170364285714285,8455.300000000001,1.1664006977046262
800,69.68,21.777,1.717,0.567,41.328026,2.275,10.754,0.378076,0.283175,0.4239,-32.007743,Cr-0.15_Xx3-0.85,0.2833333333333333,0.15,0.2833333333333333,0.2833333333333333,0.0,0.0,0.0,2.9030899869919438,800,0.0516600325,8603.199999999999,1.335127270672656
900,69.73,21.777,1.717,0.565,46.45474,2.267,9.664,0.381898,0.252549,0.4193,-35.692279,Cr-0.15_Xx3-0.85,0.2833333333333333,0.15,0.2833333333333333,0.2833333333333333,0.0,0.0,0.0,2.9542425094393248,900,0.05161637777777778,8697.6,1.5121678875470204
1000,69.79,21.777,1.717,0.563,51.572931,2.27,8.76,0.386809,0.228467,0.4163,-39.375397,Cr-0.15_Xx3-0.85,0.2833333333333333,0.15,0.2833333333333333,0.2833333333333333,0.0,0.0,0.0,3.0,1000,0.051572930999999995,8760.0,1.6930554826058792
3000,70.9,21.773,1.716,0.563,152.099477,1.676,2.886,0.20345,0.076557,0.4212,-42.986045,Cr-0.15_Xx3-0.85,0.2833333333333333,0.15,0.2833333333333333,0.2833333333333333,0.0,0.0,0.0,3.4771212547196626,3000,0.05069982566666667,8658.0,2.6574623161524595
6000,72.56,21.758,1.717,0.563,298.419498,1.746,1.335,0.19112,0.038575,0.4553,-46.717086,Cr-0.15_Xx3-0.85,0.2833333333333333,0.15,0.2833333333333333,0.2833333333333333,0.0,0.0,0.0,3.7781512503836434,6000,0.049736582999999994,8010.0,4.954375777685608
9000,74.22,21.749,1.718,0.563,442.272367,1.784,0.895,0.198889,0.025912,0.4527,-50.52341,Cr-0.15_Xx3-0.85,0.2833333333333333,0.15,0.2833333333333333,0.2833333333333333,0.0,0.0,0.0,3.9542425094393248,9000,0.04914137411111111,8055.0,7.67525952224752
12000,75.88,21.758,1.717,0.563,584.179068,1.872,0.687,0.225292,0.019578,0.4422,-54.354364,Cr-0.15_Xx3-0.85,0.2833333333333333,0.15,0.2833333333333333,0.2833333333333333,0.0,0.0,0.0,4.079181246047625,12000,0.048681589000000004,8244.0,11.506818530057712
15000,77.54,21.784,1.717,0.563,720.937119,1.983,0.562,0.258513,0.015776,0.4326,-58.198872,Cr-0.15_Xx3-0.85,0.2833333333333333,0.15,0.2833333333333333,0.2833333333333333,0.0,0.0,0.0,4.176091259055681,15000,0.0480624746,8430.0,16.38543449324967
18000,79.21,21.825,1.728,0.563,844.904225,2.092,0.479,0.291797,0.01324,0.4226,-62.058898,Cr-0.15_Xx3-0.85,0.2833333333333333,0.15,0.2833333333333333,0.2833333333333333,0.0,0.0,0.0,4.2552725051033065,18000,0.04693912361111111,8622.0,22.037383883392494
21000,80.87,21.878,1.763,0.563,947.179799,2.191,0.422,0.320687,0.011427,0.4115,-65.937907,Cr-0.15_Xx3-0.85,0.2833333333333333,0.15,0.2833333333333333,0.2833333333333333,0.0,0.0,0.0,4.3222192947339195,21000,0.04510379995238095,8862.0,28.06151557577879
24000,82.53,21.939,1.837,0.563,1021.657165,1.838,0.38,0.223079,0.010067,0.3996,-69.839688,Cr-0.15_Xx3-0.85,0.2833333333333333,0.15,0.2833333333333333,0.2833333333333333,0.0,0.0,0.0,4.380211241711606,24000,0.04256904854166667,9120.0,22.157230830353598
27000,84.19,22.007,1.946,0.563,1066.621286,1.808,0.348,0.210297,0.009008,0.3872,-73.762105,Cr-0.15_Xx3-0.85,0.2833333333333333,0.15,0.2833333333333333,0.2833333333333333,0.0,0.0,0.0,4.431363764158987,27000,0.039504492074074075,9396.0,23.342990342990344
30000,85.85,22.08,2.074,0.563,1084.093266,1.769,0.324,0.194159,0.00816,0.3744,-77.700895,Cr-0.15_Xx3-0.85,0.2833333333333333,0.15,0.2833333333333333,0.2833333333333333,0.0,0.0,0.0,4.477121254719663,30000,0.0361364422,9720.0,23.79107952456807
100,69.41,21.653,1.803,0.509,5.156985,3.005,94.506,0.76386,2.39074,0.3859,-6.18823,Cr-0.1_Xx3-0.9,0.3,0.1,0.3,0.3,0.0,0.0,0.0,2.0,100,0.05156985,9450.6,0.3195076338256632
200,69.45,21.654,1.803,0.527,10.307827,2.808,49.071,0.706516,1.148094,0.3716,-9.911687,Cr-0.1_Xx3-0.9,0.3,0.1,0.3,0.3,0.0,0.0,0.0,2.3010299956639813,200,0.051539135,9814.199999999999,0.6153811313523707
300,69.5,21.655,1.804,0.531,15.449947,2.797,33.609,0.730497,0.758073,0.3617,-13.615461,Cr-0.1_Xx3-0.9,0.3,0.1,0.3,0.3,0.0,0.0,0.0,2.4771212547196626,300,0.05149982333333333,10082.7,0.9636222848956697
400,69.55,21.655,1.804,0.533,20.583052,2.79,25.524,0.739854,0.566703,0.3572,-17.308988,Cr-0.1_Xx3-0.9,0.3,0.1,0.3,0.3,0.0,0.0,0.0,2.6020599913279625,400,0.05145763,10209.6,1.3055386939213418
500,69.6,21.655,1.804,0.533,25.707111,2.731,20.563,0.716025,0.453197,0.3547,-20.996291,Cr-0.1_Xx3-0.9,0.3,0.1,0.3,0.3,0.0,0.0,0.0,2.6989700043360187,500,0.051414222,10281.5,1.5799385698966015
600,69.66,21.656,1.805,0.532,30.822088,2.72,17.253,0.717362,0.378312,0.3523,-24.681371,Cr-0.1_Xx3-0.9,0.3,0.1,0.3,0.3,0.0,0.0,0.0,2.7781512503836434,600,0.051370146666666665,10351.8,1.896212924218835
700,69.71,21.656,1.805,0.531,35.928023,2.719,14.898,0.723814,0.325414,0.3497,-28.3658,Cr-0.1_Xx3-0.9,0.3,0.1,0.3,0.3,0.0,0.0,0.0,2.845098040014257,700,0.05132574714285715,10428.6,2.224279765837469
800,69.76,21.656,1.805,0.529,41.025059,2.715,13.126,0.729119,0.286198,0.3473,-32.049685,Cr-0.1_Xx3-0.9,0.3,0.1,0.3,0.3,0.0,0.0,0.0,2.9030899869919438,800,0.051281323749999996,10500.8,2.5475945059207055
900,69.81,21.656,1.805,0.526,46.113432,2.702,11.731,0.727335,0.256114,0.3454,-35.732987,Cr-0.1_Xx3-0.9,0.3,0.1,0.3,0.3,0.0,0.0,0.0,2.9542425094393248,900,0.05123714666666667,10557.9,2.8398766179255412
1000,69.87,21.656,1.805,0.523,51.193438,2.674,10.601,0.716049,0.232307,0.344,-39.415967,Cr-0.1_Xx3-0.9,0.3,0.1,0.3,0.3,0.0,0.0,0.0,3.0,1000,0.051193438,10601.0,3.0823260498992715
3000,70.88,21.649,1.799,0.523,151.135057,1.606,3.261,0.224756,0.07781,0.3727,-43.024366,Cr-0.1_Xx3-0.9,0.3,0.1,0.3,0.3,0.0,0.0,0.0,3.4771212547196626,3000,0.05037835233333333,9783.0,2.8884862037501122
6000,72.41,21.629,1.786,0.523,297.553619,1.73,1.516,0.22955,0.039183,0.4007,-46.776821,Cr-0.1_Xx3-0.9,0.3,0.1,0.3,0.3,0.0,0.0,0.0,3.7781512503836434,6000,0.049592269833333334,9096.0,5.858258472846059
9000,73.94,21.624,1.783,0.523,442.404807,1.79,1.018,0.246305,0.026304,0.3978,-50.588419,Cr-0.1_Xx3-0.9,0.3,0.1,0.3,0.3,0.0,0.0,0.0,3.9542425094393248,9000,0.049156089666666666,9162.0,9.363429005892415
12000,75.47,21.639,1.792,0.523,585.99197,1.878,0.78,0.278125,0.019863,0.3896,-54.420252,Cr-0.1_Xx3-0.9,0.3,0.1,0.3,0.3,0.0,0.0,0.0,4.079181246047625,12000,0.04883266416666667,9360.0,14.00145992750705
15000,77.0,21.672,1.82,0.523,724.687146,1.988,0.634,0.316874,0.015997,0.3829,-58.266257,Cr-0.1_Xx3-0.9,0.3,0.1,0.3,0.3,0.0,0.0,0.0,4.176091259055681,15000,0.0483124764,9510.0,19.80710088761095
18000,78.52,21.721,1.882,0.523,850.159673,2.098,0.538,0.354417,0.013418,0.3761,-62.130502,Cr-0.1_Xx3-0.9,0.3,0.1,0.3,0.3,0.0,0.0,0.0,4.2552725051033065,18000,0.04723109294444444,9684.0,26.411580594679187
21000,80.05,21.781,1.983,0.523,952.943023,2.201,0.471,0.387222,0.011576,0.3682,-66.014309,Cr-0.1_Xx3-0.9,0.3,0.1,0.3,0.3,0.0,0.0,0.0,4.3222192947339195,21000,0.04537823919047619,9891.0,33.44752526561286
24000,81.58,21.849,2.11,0.523,1026.751282,2.058,0.423,0.331578,0.010193,0.3592,-69.914412,Cr-0.1_Xx3-0.9,0.3,0.1,0.3,0.3,0.0,0.0,0.0,4.380211241711606,24000,0.042781303416666666,10152.0,32.52678045909358
27000,83.11,21.924,2.33,0.523,1070.045902,1.723,0.386,0.224542,0.009116,0.3494,-73.842942,Cr-0.1_Xx3-0.9,0.3,0.1,0.3,0.3,0.0,0.0,0.0,4.431363764158987,27000,0.039631329703703706,10422.0,24.628934956674343
30000,84.63,22.004,2.741,0.523,1085.211663,1.588,0.358,0.182214,0.008255,0.339,-77.811712,Cr-0.1_Xx3-0.9,0.3,0.1,0.3,0.3,0.0,0.0,0.0,4.477121254719663,30000,0.0361737221,10740.0,22.07049418604651
100,78.4,20.324,0.967,0.427,4.245292,4.556,53.838,0.562,2.288462,0.6774,-6.269958,Cr,0.0,1.0,0.0,0.0,0.0,0.0,0.0,2.0,100,0.04245292,5383.8,0.24557967509197223
200,78.43,20.323,0.966,0.421,8.487347,4.54,34.561,0.863643,1.157222,0.5276,-10.199366,Cr,0.0,1.0,0.0,0.0,0.0,0.0,0.0,2.3010299956639813,200,0.042436734999999996,6912.2,0.7463064595155818
300,78.47,20.32,0.964,0.42,12.724767,4.414,24.23,0.888031,0.772317,0.5017,-14.026932,Cr,0.0,1.0,0.0,0.0,0.0,0.0,0.0,2.4771212547196626,300,0.04241589,7269.0,1.1498255899771854
400,78.51,20.318,0.962,0.42,16.956647,4.373,19.21,0.954706,0.579111,0.4746,-17.850231,Cr,0.0,1.0,0.0,0.0,0.0,0.0,0.0,2.6020599913279625,400,0.0423916175,7684.0,1.6485688433325505
500,78.55,20.315,0.96,0.421,21.181891,4.381,16.208,1.044595,0.463148,0.45,-21.67389,Cr,0.0,1.0,0.0,0.0,0.0,0.0,0.0,2.6989700043360187,500,0.042363782,8103.999999999999,2.2554188824762655
600,78.6,20.313,0.958,0.421,25.399547,4.367,14.007,1.100146,0.385934,0.4339,-25.491712,Cr,0.0,1.0,0.0,0.0,0.0,0.0,0.0,2.7781512503836434,600,0.04233257833333333,8404.199999999999,2.850599194164821
700,78.64,20.312,0.957,0.421,29.609034,4.354,12.307,1.136629,0.330904,0.4233,-29.304277,Cr,0.0,1.0,0.0,0.0,0.0,0.0,0.0,2.845098040014257,700,0.04229862,8614.9,3.4349103216935375
800,78.69,20.311,0.956,0.42,33.810015,4.353,10.978,1.170502,0.289758,0.4152,-33.113399,Cr,0.0,1.0,0.0,0.0,0.0,0.0,0.0,2.9030899869919438,800,0.04226251875,8782.4,4.039570815746879
900,78.73,20.309,0.955,0.42,38.002282,4.366,9.923,1.208349,0.257881,0.4083,-36.920045,Cr,0.0,1.0,0.0,0.0,0.0,0.0,0.0,2.9542425094393248,900,0.04222475777777778,8930.7,4.685666312499515
1000,78.78,20.308,0.954,0.419,42.185729,4.345,9.062,1.223151,0.232474,0.4024,-40.724339,Cr,0.0,1.0,0.0,0.0,0.0,0.0,0.0,3.0,1000,0.042185729000000005,9062.0,5.261430261318422
3000,79.67,20.285,0.932,0.419,124.050813,3.806,3.092,0.954698,0.077781,0.3929,-44.367205,Cr,0.0,1.0,0.0,0.0,0.0,0.0,0.0,3.4771212547196626,3000,0.041350271,9276.0,12.274022267362628
6000,81.0,20.23,0.851,0.419,242.494499,3.511,1.42,0.694242,0.039106,0.4276,-47.803439,Cr,0.0,1.0,0.0,0.0,0.0,0.0,0.0,3.7781512503836434,6000,0.040415749833333334,8520.0,17.752371698161454
9000,82.33,20.174,0.71,0.419,357.221242,3.271,0.848,0.495344,0.026213,0.4768,-51.415957,Cr,0.0,1.0,0.0,0.0,0.0,0.0,0.0,3.9542425094393248,9000,0.03969124911111111,7632.0,18.89616235599298
12000,83.66,20.134,0.588,0.419,466.268614,3.171,0.578,0.388861,0.019765,0.5241,-55.123713,Cr,0.0,1.0,0.0,0.0,0.0,0.0,0.0,4.079181246047625,12000,0.03885571783333334,6935.999999999999,19.67322675301022
15000,85.0,20.104,0.506,0.419,563.571605,3.17,0.44,0.345499,0.015896,0.55,-58.91055,Cr,0.0,1.0,0.0,0.0,0.0,0.0,0.0,4.176091259055681,15000,0.03757144033333333,6600.0,21.733597534125934
18000,86.33,20.081,0.457,0.419,642.398417,3.168,0.361,0.320592,0.013315,0.5564,-62.759098,Cr,0.0,1.0,0.0,0.0,0.0,0.0,0.0,4.2552725051033065,18000,0.035688800944444446,6498.0,24.075698407930307
21000,87.66,20.064,0.431,0.419,699.25152,3.131,0.313,0.297314,0.011472,0.55,-66.653253,Cr,0.0,1.0,0.0,0.0,0.0,0.0,0.0,4.3222192947339195,21000,0.03329769142857143,6573.0,25.914233417589127
24000,89.0,20.052,0.418,0.419,734.326566,4.282,0.28,0.532516,0.010088,0.5359,-70.580054,Cr,0.0,1.0,0.0,0.0,0.0,0.0,0.0,4.380211241711606,24000,0.03059694025,6720.000000000001,52.781841609673904
27000,90.33,20.044,0.412,0.419,750.145568,4.238,0.257,0.501363,0.009012,0.5173,-74.530269,Cr,0.0,1.0,0.0,0.0,0.0,0.0,0.0,4.431363764158987,27000,0.027783169185185187,6939.0,55.62665039387552
30000,91.66,20.039,0.41,0.419,750.123638,4.129,0.24,0.457675,0.00815,0.4963,-78.498104,Cr,0.0,1.0,0.0,0.0,0.0,0.0,0.0,4.477121254719663,30000,0.02500412126666667,7200.0,56.14955220218379
100,69.31,21.943,1.688,0.513,5.224275,1.374,60.966,0.078515,2.797096,0.5982,-6.08838,CrFeCoNi,0.0,0.25,0.25,0.25,0.25,0.0,0.0,2.0,100,0.05224275,6096.6,0.02807017418416308
200,69.35,21.943,1.688,0.538,10.443245,1.378,28.019,0.067938,1.320285,0.6508,-9.744414,CrFeCoNi,0.0,0.25,0.25,0.25,0.25,0.0,0.0,2.3010299956639813,200,0.052216225,5603.799999999999,0.0514570327944097
300,69.4,21.942,1.688,0.545,15.6546,1.382,19.144,0.071322,0.867166,0.635,-13.433717,CrFeCoNi,0.0,0.25,0.25,0.25,0.25,0.0,0.0,2.4771212547196626,300,0.052182,5743.2,0.08224713348178608
400,69.45,21.942,1.688,0.548,20.857952,1.364,14.961,0.074759,0.64556,0.6094,-17.133228,CrFeCoNi,0.0,0.25,0.25,0.25,0.25,0.0,0.0,2.6020599913279625,400,0.052144880000000005,5984.400000000001,0.11580470319613484
500,69.5,21.942,1.688,0.55,26.053289,1.366,12.445,0.080209,0.514049,0.5861,-20.833155,CrFeCoNi,0.0,0.25,0.25,0.25,0.25,0.0,0.0,2.6989700043360187,500,0.052106578,6222.5,0.15603345978017702
600,69.56,21.942,1.688,0.551,31.240646,1.357,10.678,0.08317,0.427065,0.5692,-24.529461,CrFeCoNi,0.0,0.25,0.25,0.25,0.25,0.0,0.0,2.7781512503836434,600,0.05206774333333333,6406.8,0.19474741609025303
700,69.61,21.942,1.688,0.552,36.420078,1.349,9.333,0.084929,0.365448,0.5582,-28.221697,CrFeCoNi,0.0,0.25,0.25,0.25,0.25,0.0,0.0,2.845098040014257,700,0.05202868285714285,6533.1,0.23239631248135859
800,69.66,21.943,1.688,0.553,41.591661,1.347,8.272,0.086477,0.319604,0.5511,-31.911001,CrFeCoNi,0.0,0.25,0.25,0.25,0.25,0.0,0.0,2.9030899869919438,800,0.05198957625,6617.6,0.2705746155410585
900,69.72,21.943,1.688,0.552,46.755484,1.343,7.419,0.087289,0.284293,0.5462,-35.598623,CrFeCoNi,0.0,0.25,0.25,0.25,0.25,0.0,0.0,2.9542425094393248,900,0.05195053777777778,6677.099999999999,0.3070377848283819
1000,69.77,21.943,1.688,0.552,51.911655,1.345,6.722,0.088499,0.256316,0.5425,-39.28542,CrFeCoNi,0.0,0.25,0.25,0.25,0.25,0.0,0.0,3.0,1000,0.051911655,6722.0,0.34527167530830966
3000,70.85,21.947,1.686,0.552,153.281556,1.858,2.346,0.179484,0.085877,0.5182,-42.9312,CrFeCoNi,0.0,0.25,0.25,0.25,0.25,0.0,0.0,3.4771212547196626,3000,0.051093851999999995,7038.0,2.0899881226856705
6000,72.47,21.947,1.686,0.552,300.196917,1.699,1.159,0.144263,0.043263,0.5241,-46.651298,CrFeCoNi,0.0,0.25,0.25,0.25,0.25,0.0,0.0,3.7781512503836434,6000,0.0500328195,6954.0,3.334481323964497
9000,74.09,21.937,1.69,0.552,443.996527,1.705,0.787,0.147772,0.029055,0.5144,-50.445823,CrFeCoNi,0.0,0.25,0.25,0.25,0.25,0.0,0.0,3.9542425094393248,9000,0.04933294744444445,7083.0,5.085765418502202
12000,75.71,21.936,1.691,0.552,585.536374,1.771,0.607,0.165278,0.021949,0.5001,-54.27004,CrFeCoNi,0.0,0.25,0.25,0.25,0.25,0.0,0.0,4.079181246047625,12000,0.04879469783333334,7284.0,7.5297494305239185
15000,77.33,21.95,1.684,0.552,722.200134,1.87,0.499,0.190187,0.017684,0.4867,-58.108999,CrFeCoNi,0.0,0.25,0.25,0.25,0.25,0.0,0.0,4.176091259055681,15000,0.0481466756,7485.0,10.75414192818773
18000,78.95,21.978,1.669,0.552,847.294411,1.964,0.428,0.215098,0.014838,0.4727,-61.960105,CrFeCoNi,0.0,0.25,0.25,0.25,0.25,0.0,0.0,4.2552725051033065,18000,0.04707191172222222,7704.0,14.495451175955255
21000,80.57,22.018,1.647,0.552,952.622473,2.048,0.379,0.237526,0.012805,0.4576,-65.823274,CrFeCoNi,0.0,0.25,0.25,0.25,0.25,0.0,0.0,4.3222192947339195,21000,0.045362974904761905,7959.0,18.54802436357957
24000,82.19,22.066,1.63,0.552,1032.136404,1.48,0.343,0.124334,0.011279,0.442,-69.700828,CrFeCoNi,0.0,0.25,0.25,0.25,0.25,0.0,0.0,4.380211241711606,24000,0.0430056835,8232.0,11.022517730496453
27000,83.81,22.122,1.63,0.552,1083.616538,1.744,0.316,0.170839,0.010091,0.4261,-73.596558,CrFeCoNi,0.0,0.25,0.25,0.25,0.25,0.0,0.0,4.431363764158987,27000,0.04013394585185185,8532.0,16.928160919540232
30000,85.43,22.182,1.652,0.552,1108.314255,1.879,0.296,0.194021,0.00914,0.4102,-77.511522,CrFeCoNi,0.0,0.25,0.25,0.25,0.25,0.0,0.0,4.477121254719663,30000,0.0369438085,8880.0,21.225358275899794
100,69.14,21.755,1.91,0.504,5.187905,1.487,97.149,0.196467,2.485004,0.3754,-6.192028,CrFeCoNiCu,0.0,0.2,0.2,0.2,0.2,0.0,0.2,2.0,100,0.051879049999999996,9714.9,0.07906100792553737
200,69.18,21.756,1.911,0.525,10.369354,1.486,62.256,0.284315,1.183953,0.2929,-9.99147,CrFeCoNiCu,0.0,0.2,0.2,0.2,0.2,0.0,0.2,2.3010299956639813,200,0.05184677,12451.2,0.2401402419350752
300,69.23,21.757,1.912,0.532,15.542031,1.494,45.04,0.322961,0.777462,0.2699,-13.707137,CrFeCoNiCu,0.0,0.2,0.2,0.2,0.2,0.0,0.2,2.4771212547196626,300,0.05180677,13512.0,0.41540369123675336
400,69.28,21.757,1.913,0.536,20.705461,1.495,34.301,0.330282,0.57819,0.2658,-17.394722,CrFeCoNiCu,0.0,0.2,0.2,0.2,0.2,0.0,0.2,2.6020599913279625,400,0.0517636525,13720.400000000001,0.5712333813566798
500,69.33,21.757,1.913,0.538,25.859465,1.504,26.805,0.322927,0.460045,0.2721,-21.064813,CrFeCoNiCu,0.0,0.2,0.2,0.2,0.2,0.0,0.2,2.6989700043360187,500,0.05171893,13402.5,0.7019450228890156
600,69.39,21.757,1.913,0.539,31.003895,1.52,21.669,0.315537,0.382142,0.2805,-24.730368,CrFeCoNiCu,0.0,0.2,0.2,0.2,0.2,0.0,0.2,2.7781512503836434,600,0.05167315833333333,13001.4,0.8257039903910317
700,69.44,21.757,1.913,0.54,36.138595,1.521,18.096,0.303873,0.327175,0.2879,-28.396816,CrFeCoNiCu,0.0,0.2,0.2,0.2,0.2,0.0,0.2,2.845098040014257,700,0.05162656428571429,12667.2,0.9287753380443554
800,69.5,21.757,1.913,0.54,41.263505,1.521,15.521,0.295118,0.286485,0.2937,-32.06561,CrFeCoNiCu,0.0,0.2,0.2,0.2,0.2,0.0,0.2,2.9030899869919438,800,0.05157938125,12416.800000000001,1.030130617202935
900,69.55,21.757,1.913,0.539,46.378735,1.519,13.597,0.28781,0.255362,0.298,-35.737008,CrFeCoNiCu,0.0,0.2,0.2,0.2,0.2,0.0,0.2,2.9542425094393248,900,0.05153192777777778,12237.3,1.1270622603901115
1000,69.6,21.757,1.913,0.537,51.484575,1.51,12.1,0.279664,0.23084,0.3014,-39.410445,CrFeCoNiCu,0.0,0.2,0.2,0.2,0.2,0.0,0.2,3.0,1000,0.051484575,12100.0,1.2115005566602122
3000,70.67,21.747,1.899,0.537,151.871928,1.561,3.549,0.242993,0.077338,0.3425,-43.015788,CrFeCoNiCu,0.0,0.2,0.2,0.2,0.2,0.0,0.2,3.4771212547196626,3000,0.050623976,10647.0,3.141920635125874
6000,72.27,21.724,1.866,0.537,298.898493,1.587,1.688,0.228961,0.038958,0.36,-46.782716,CrFeCoNiCu,0.0,0.2,0.2,0.2,0.2,0.0,0.2,3.7781512503836434,6000,0.049816415499999996,10128.0,5.876973228265612
9000,73.87,21.721,1.861,0.537,444.181845,1.655,1.136,0.250325,0.026162,0.3567,-50.5965,CrFeCoNiCu,0.0,0.2,0.2,0.2,0.2,0.0,0.2,3.9542425094393248,9000,0.049353538333333336,10223.999999999998,9.567901234567902
12000,75.47,21.739,1.886,0.537,587.969301,1.749,0.868,0.28571,0.019762,0.3498,-54.431616,CrFeCoNiCu,0.0,0.2,0.2,0.2,0.2,0.0,0.2,4.079181246047625,12000,0.048997441749999995,10416.0,14.456813236856753
15000,77.07,21.775,1.942,0.537,726.403865,1.85,0.704,0.322164,0.015921,0.3452,-58.282572,CrFeCoNiCu,0.0,0.2,0.2,0.2,0.2,0.0,0.2,4.176091259055681,15000,0.048426924333333336,10560.0,20.233890214797135
18000,78.67,21.827,2.026,0.537,850.808475,1.951,0.594,0.356829,0.013359,0.3407,-62.150282,CrFeCoNiCu,0.0,0.2,0.2,0.2,0.2,0.0,0.2,4.2552725051033065,18000,0.0472671375,10692.0,26.708757485029942
21000,80.27,21.889,2.15,0.537,951.565193,2.036,0.517,0.381456,0.011527,0.3353,-66.037176,CrFeCoNiCu,0.0,0.2,0.2,0.2,0.2,0.0,0.2,4.3222192947339195,21000,0.04531262823809524,10857.0,33.08952116585704
24000,81.87,21.961,2.398,0.537,1022.546032,1.481,0.462,0.195682,0.010153,0.3287,-69.958611,CrFeCoNiCu,0.0,0.2,0.2,0.2,0.2,0.0,0.2,4.380211241711606,24000,0.04260608466666667,11088.0,19.27142012999803
27000,83.47,22.038,2.821,0.537,1062.570638,1.588,0.42,0.215068,0.009083,0.3212,-73.916363,CrFeCoNiCu,0.0,0.2,0.2,0.2,0.2,0.0,0.2,4.431363764158987,27000,0.03935446807407407,11340.0,23.675473359753415
30000,85.07,22.121,3.194,0.537,1074.421874,1.602,0.388,0.207101,0.008227,0.3128,-77.870987,CrFeCoNiCu,0.0,0.2,0.2,0.2,0.2,0.0,0.2,4.477121254719663,30000,0.035814062466666664,11640.0,25.170272241127858
100,69.62,21.945,1.682,0.659,5.181228,1.78,60.945,0.130464,1.67603,0.5984,-5.95145,CrMnFeCoNi,0.0,0.2,0.2,0.2,0.2,0.2,0.0,2.0,100,0.05181228,6094.5,0.07784104231962297
200,69.67,21.944,1.683,0.677,10.355975,1.858,27.38,0.117511,0.803168,0.666,-9.657615,CrMnFeCoNi,0.0,0.2,0.2,0.2,0.2,0.2,0.0,2.3010299956639813,200,0.051779875,5476.0,0.14630918274983223
300,69.73,21.943,1.683,0.68,15.521696,1.879,19.159,0.130952,0.531483,0.6345,-13.38261,CrMnFeCoNi,0.0,0.2,0.2,0.2,0.2,0.2,0.0,2.4771212547196626,300,0.05173898666666667,5747.7,0.2463893550887703
400,69.79,21.943,1.684,0.679,20.678393,1.882,15.231,0.145554,0.399131,0.5986,-17.101391,CrMnFeCoNi,0.0,0.2,0.2,0.2,0.2,0.2,0.0,2.6020599913279625,400,0.0516959825,6092.4,0.36467634767445356
500,69.86,21.942,1.684,0.677,25.826401,1.887,12.617,0.155321,0.321504,0.5781,-20.80746,CrMnFeCoNi,0.0,0.2,0.2,0.2,0.2,0.2,0.0,2.6989700043360187,500,0.051652802000000005,6308.5,0.4831060170137323
600,69.92,21.942,1.684,0.672,30.966205,1.883,10.716,0.159745,0.271045,0.5672,-24.505942,CrMnFeCoNi,0.0,0.2,0.2,0.2,0.2,0.2,0.0,2.7781512503836434,600,0.05161034166666666,6429.599999999999,0.5893649048500993
700,69.98,21.941,1.685,0.666,36.098399,1.872,9.288,0.160731,0.236045,0.5609,-28.200945,CrMnFeCoNi,0.0,0.2,0.2,0.2,0.2,0.2,0.0,2.845098040014257,700,0.05156914142857143,6501.6,0.6809308355151115
800,70.04,21.941,1.685,0.658,41.223639,1.875,8.186,0.163079,0.210636,0.5569,-31.89445,CrMnFeCoNi,0.0,0.2,0.2,0.2,0.2,0.2,0.0,2.9030899869919438,800,0.05152954875,6548.8,0.7742182047788375
900,70.09,21.941,1.685,0.649,46.342603,1.879,7.302,0.164723,0.191642,0.5549,-35.586788,CrMnFeCoNi,0.0,0.2,0.2,0.2,0.2,0.2,0.0,2.9542425094393248,900,0.05149178111111111,6571.799999999999,0.8595304811550644
1000,70.15,21.941,1.685,0.639,51.455956,1.876,6.576,0.164243,0.176749,0.5546,-39.278238,CrMnFeCoNi,0.0,0.2,0.2,0.2,0.2,0.2,0.0,3.0,1000,0.051455956,6576.0,0.9292390381895332
3000,71.19,21.946,1.681,0.639,152.097117,1.92,2.094,0.156646,0.059208,0.5805,-42.932147,CrMnFeCoNi,0.0,0.2,0.2,0.2,0.2,0.2,0.0,3.4771212547196626,3000,0.050699039,6282.0,2.6456450877400397
6000,72.77,21.953,1.677,0.639,297.817328,1.864,1.101,0.1577,0.02982,0.5519,-46.665117,CrMnFeCoNi,0.0,0.2,0.2,0.2,0.2,0.2,0.0,3.7781512503836434,6000,0.04963622133333333,6606.0,5.288219710941954
9000,74.34,21.946,1.682,0.639,440.053079,1.788,0.765,0.153514,0.020022,0.5293,-50.460781,CrMnFeCoNi,0.0,0.2,0.2,0.2,0.2,0.2,0.0,3.9542425094393248,9000,0.048894786555555556,6885.0,7.666883084452879
12000,75.91,21.941,1.685,0.639,579.843839,1.803,0.591,0.16213,0.015122,0.5137,-54.284342,CrMnFeCoNi,0.0,0.2,0.2,0.2,0.2,0.2,0.0,4.079181246047625,12000,0.04832031991666667,7092.0,10.720756463664618
15000,77.48,21.949,1.679,0.639,714.986732,1.87,0.486,0.180103,0.01218,0.4998,-58.123781,CrMnFeCoNi,0.0,0.2,0.2,0.2,0.2,0.2,0.0,4.176091259055681,15000,0.04766578213333333,7290.0,14.78556768738199
18000,79.05,21.97,1.668,0.639,839.466885,1.95,0.418,0.201545,0.010219,0.4847,-61.97694,CrMnFeCoNi,0.0,0.2,0.2,0.2,0.2,0.2,0.0,4.2552725051033065,18000,0.046637049166666666,7524.0,19.7206457925636
21000,80.63,22.001,1.655,0.639,945.655706,2.022,0.37,0.221369,0.008816,0.4685,-65.843504,CrMnFeCoNi,0.0,0.2,0.2,0.2,0.2,0.2,0.0,4.3222192947339195,21000,0.0450312240952381,7770.0,25.10706589542929
24000,82.2,22.04,1.64,0.639,1027.656775,1.806,0.336,0.178202,0.007764,0.4516,-69.722887,CrMnFeCoNi,0.0,0.2,0.2,0.2,0.2,0.2,0.0,4.380211241711606,24000,0.04281903229166666,8064.000000000001,22.94938828074694
27000,83.77,22.087,1.618,0.639,1082.987737,1.836,0.31,0.183546,0.006945,0.4345,-73.61326,CrMnFeCoNi,0.0,0.2,0.2,0.2,0.2,0.2,0.0,4.431363764158987,27000,0.04011065692592592,8370.0,26.42470486610999
30000,85.34,22.138,1.59,0.639,1112.39948,1.984,0.291,0.211093,0.00629,0.4174,-77.515307,CrMnFeCoNi,0.0,0.2,0.2,0.2,0.2,0.2,0.0,4.477121254719663,30000,0.03707998266666667,8730.0,33.554760769353045
100,69.37,21.948,1.704,0.504,5.224815,1.477,81.17,0.146851,2.767785,0.4493,-6.163935,Fe-0.05_Xx3-0.95,0.3166666666666666,0.3166666666666666,0.05,0.3166666666666666,0.0,0.0,0.0,2.0,100,0.05224815000000001,8117.0,0.053057208902711414
200,69.41,21.948,1.704,0.527,10.444052,1.447,31.718,0.093214,1.31321,0.5749,-9.773052,Fe-0.05_Xx3-0.95,0.3166666666666666,0.3166666666666666,0.05,0.3166666666666666,0.0,0.0,0.0,2.3010299956639813,200,0.05222026,6343.6,0.07098173865433659
300,69.46,21.948,1.703,0.534,15.655244,1.441,21.025,0.091509,0.863335,0.5782,-13.464689,Fe-0.05_Xx3-0.95,0.3166666666666666,0.3166666666666666,0.05,0.3166666666666666,0.0,0.0,0.0,2.4771212547196626,300,0.05218414666666667,6307.5,0.10599465329836819
400,69.51,21.949,1.703,0.537,20.858344,1.42,16.14,0.092402,0.642943,0.5649,-17.163924,Fe-0.05_Xx3-0.95,0.3166666666666666,0.3166666666666666,0.05,0.3166666666666666,0.0,0.0,0.0,2.6020599913279625,400,0.052145859999999995,6456.0,0.14371702667728448
500,69.56,21.949,1.703,0.539,26.053449,1.449,13.144,0.099147,0.51208,0.5549,-20.858865,Fe-0.05_Xx3-0.95,0.3166666666666666,0.3166666666666666,0.05,0.3166666666666666,0.0,0.0,0.0,2.6989700043360187,500,0.052106898,6572.0,0.19361585374188847
600,69.62,21.949,1.703,0.54,31.24061,1.452,11.126,0.102127,0.425547,0.5463,-24.551262,Fe-0.05_Xx3-0.95,0.3166666666666666,0.3166666666666666,0.05,0.3166666666666666,0.0,0.0,0.0,2.7781512503836434,600,0.05206768333333334,6675.599999999999,0.23998937840149642
700,69.67,21.95,1.703,0.541,36.41984,1.461,9.684,0.106078,0.364199,0.538,-28.242478,Fe-0.05_Xx3-0.95,0.3166666666666666,0.3166666666666666,0.05,0.3166666666666666,0.0,0.0,0.0,2.845098040014257,700,0.052028342857142855,6778.799999999999,0.29126304228445915
800,69.72,21.95,1.702,0.541,41.591154,1.472,8.593,0.110252,0.318608,0.5305,-31.93255,Fe-0.05_Xx3-0.95,0.3166666666666666,0.3166666666666666,0.05,0.3166666666666666,0.0,0.0,0.0,2.9030899869919438,800,0.0519889425,6874.4,0.34604170001475165
900,69.78,21.95,1.702,0.541,46.754603,1.483,7.723,0.113916,0.283477,0.5247,-35.621024,Fe-0.05_Xx3-0.95,0.3166666666666666,0.3166666666666666,0.05,0.3166666666666666,0.0,0.0,0.0,2.9542425094393248,900,0.05194955888888889,6950.7,0.4018512900471995
1000,69.83,21.95,1.702,0.54,51.910265,1.486,7.009,0.115849,0.25565,0.5203,-39.308339,Fe-0.05_Xx3-0.95,0.3166666666666666,0.3166666666666666,0.05,0.3166666666666666,0.0,0.0,0.0,3.0,1000,0.051910265000000004,7009.0,0.45315293114441174
3000,70.9,21.953,1.7,0.54,153.268821,1.863,2.42,0.190234,0.085649,0.5022,-42.942823,Fe-0.05_Xx3-0.95,0.3166666666666666,0.3166666666666666,0.05,0.3166666666666666,0.0,0.0,0.0,3.4771212547196626,3000,0.051089607,7260.0,2.221062463514302
6000,72.5,21.95,1.702,0.54,300.398785,1.74,1.176,0.155082,0.043145,0.5167,-46.664843,Fe-0.05_Xx3-0.95,0.3166666666666666,0.3166666666666666,0.05,0.3166666666666666,0.0,0.0,0.0,3.7781512503836434,6000,0.050066464166666665,7056.0,3.5943540536782086
9000,74.11,21.94,1.708,0.54,444.684616,1.774,0.796,0.162909,0.028974,0.5091,-50.462979,Fe-0.05_Xx3-0.95,0.3166666666666666,0.3166666666666666,0.05,0.3166666666666666,0.0,0.0,0.0,3.9542425094393248,9000,0.04940940177777778,7164.0,5.6223986194995685
12000,75.71,21.941,1.708,0.54,586.882551,1.866,0.613,0.18684,0.021886,0.4952,-54.289071,Fe-0.05_Xx3-0.95,0.3166666666666666,0.3166666666666666,0.05,0.3166666666666666,0.0,0.0,0.0,4.079181246047625,12000,0.04890687925,7356.0,8.536574222140997
15000,77.32,21.958,1.697,0.54,724.235869,1.971,0.504,0.215197,0.017632,0.482,-58.12822,Fe-0.05_Xx3-0.95,0.3166666666666666,0.3166666666666666,0.05,0.3166666666666666,0.0,0.0,0.0,4.176091259055681,15000,0.04828239126666666,7560.0,12.204219361424602
18000,78.92,21.99,1.679,0.54,849.821715,2.076,0.432,0.244949,0.014794,0.4682,-61.978961,Fe-0.05_Xx3-0.95,0.3166666666666666,0.3166666666666666,0.05,0.3166666666666666,0.0,0.0,0.0,4.2552725051033065,18000,0.0472123175,7776.0,16.556201419398448
21000,80.52,22.033,1.662,0.54,955.239925,2.17,0.383,0.271444,0.012766,0.4534,-65.843211,Fe-0.05_Xx3-0.95,0.3166666666666666,0.3166666666666666,0.05,0.3166666666666666,0.0,0.0,0.0,4.3222192947339195,21000,0.04548761547619048,8043.0,21.261376987546022
24000,82.13,22.085,1.658,0.54,1034.367653,1.616,0.346,0.150841,0.011244,0.438,-69.724172,Fe-0.05_Xx3-0.95,0.3166666666666666,0.3166666666666666,0.05,0.3166666666666666,0.0,0.0,0.0,4.380211241711606,24000,0.04309865220833333,8304.0,13.414050689195198
27000,83.73,22.144,1.676,0.54,1085.043685,1.878,0.319,0.201236,0.010059,0.4224,-73.623603,Fe-0.05_Xx3-0.95,0.3166666666666666,0.3166666666666666,0.05,0.3166666666666666,0.0,0.0,0.0,4.431363764158987,27000,0.040186803148148154,8613.0,20.00357852882704
30000,85.34,22.208,1.726,0.54,1108.657933,1.977,0.298,0.217828,0.009111,0.4067,-77.544557,Fe-0.05_Xx3-0.95,0.3166666666666666,0.3166666666666666,0.05,0.3166666666666666,0.0,0.0,0.0,4.477121254719663,30000,0.03695526443333333,8940.0,23.905618964003516
100,69.38,21.948,1.707,0.51,5.224094,1.384,46.943,0.0496,2.701411,0.7769,-5.941476,Fe-0.0_Xx3-1.0,0.3333333333333333,0.3333333333333333,0.3333333333333333,0.0,0.0,0.0,0.0,2.0,100,0.05224094,4694.3,0.018360768368542082
200,69.42,21.948,1.707,0.534,10.442698,1.364,32.104,0.084578,1.278752,0.568,-9.773085,Fe-0.0_Xx3-1.0,0.3333333333333333,0.3333333333333333,0.3333333333333333,0.0,0.0,0.0,0.0,2.3010299956639813,200,0.05221349,6420.8,0.06614099830068824
300,69.47,21.948,1.707,0.54,15.65335,1.366,21.88,0.088032,0.840938,0.5556,-13.47856,Fe-0.0_Xx3-1.0,0.3333333333333333,0.3333333333333333,0.3333333333333333,0.0,0.0,0.0,0.0,2.4771212547196626,300,0.05217783333333333,6564.0,0.1046829793837603
400,69.52,21.948,1.707,0.542,20.855849,1.374,16.404,0.088986,0.626815,0.5558,-17.169488,Fe-0.0_Xx3-1.0,0.3333333333333333,0.3333333333333333,0.3333333333333333,0.0,0.0,0.0,0.0,2.6020599913279625,400,0.052139622499999996,6561.6,0.1419651061874617
500,69.57,21.948,1.707,0.544,26.050283,1.368,13.254,0.089655,0.499811,0.5503,-20.861231,Fe-0.0_Xx3-1.0,0.3333333333333333,0.3333333333333333,0.3333333333333333,0.0,0.0,0.0,0.0,2.6989700043360187,500,0.052100566,6627.0,0.1793774459196658
600,69.63,21.948,1.707,0.545,31.236687,1.356,11.219,0.090363,0.415898,0.5418,-24.553652,Fe-0.0_Xx3-1.0,0.3333333333333333,0.3333333333333333,0.3333333333333333,0.0,0.0,0.0,0.0,2.7781512503836434,600,0.052061145,6731.4,0.21727150101346723
700,69.68,21.948,1.707,0.545,36.415093,1.353,9.775,0.092403,0.356484,0.533,-28.24543,Fe-0.0_Xx3-1.0,0.3333333333333333,0.3333333333333333,0.3333333333333333,0.0,0.0,0.0,0.0,2.845098040014257,700,0.05202156142857143,6842.5,0.259205857188942
800,69.74,21.949,1.707,0.544,41.585562,1.351,8.678,0.094305,0.312381,0.5253,-31.935813,Fe-0.0_Xx3-1.0,0.3333333333333333,0.3333333333333333,0.3333333333333333,0.0,0.0,0.0,0.0,2.9030899869919438,800,0.051981952500000005,6942.400000000001,0.3018899936616066
900,69.79,21.949,1.707,0.543,46.748193,1.347,7.803,0.095616,0.278391,0.5193,-35.624537,Fe-0.0_Xx3-1.0,0.3333333333333333,0.3333333333333333,0.3333333333333333,0.0,0.0,0.0,0.0,2.9542425094393248,900,0.05194243666666667,7022.7,0.3434581453490043
1000,69.84,21.949,1.707,0.542,51.903118,1.356,7.081,0.098218,0.251472,0.515,-39.311787,Fe-0.0_Xx3-1.0,0.3333333333333333,0.3333333333333333,0.3333333333333333,0.0,0.0,0.0,0.0,3.0,1000,0.051903118,7081.0,0.3905707570991718
3000,70.91,21.952,1.705,0.542,153.253723,1.786,2.436,0.176659,0.084247,0.4989,-42.943201,Fe-0.0_Xx3-1.0,0.3333333333333333,0.3333333333333333,0.3333333333333333,0.0,0.0,0.0,0.0,3.4771212547196626,3000,0.051084574333333334,7308.0,2.096892507834014
6000,72.5,21.948,1.707,0.542,300.453546,1.66,1.18,0.141805,0.042437,0.515,-46.666466,Fe-0.0_Xx3-1.0,0.3333333333333333,0.3333333333333333,0.3333333333333333,0.0,0.0,0.0,0.0,3.7781512503836434,6000,0.050075591,7080.0,3.341462839907629
9000,74.1,21.938,1.713,0.542,444.899583,1.687,0.798,0.148143,0.028497,0.5078,-50.465586,Fe-0.0_Xx3-1.0,0.3333333333333333,0.3333333333333333,0.3333333333333333,0.0,0.0,0.0,0.0,3.9542425094393248,9000,0.049433287,7182.0,5.198364797529651
12000,75.69,21.94,1.712,0.542,587.319574,1.765,0.615,0.168064,0.021525,0.494,-54.292043,Fe-0.0_Xx3-1.0,0.3333333333333333,0.3333333333333333,0.3333333333333333,0.0,0.0,0.0,0.0,4.079181246047625,12000,0.04894329783333333,7380.0,7.80748861841494
15000,77.29,21.958,1.701,0.542,724.916708,1.866,0.505,0.193808,0.01734,0.4808,-58.131193,Fe-0.0_Xx3-1.0,0.3333333333333333,0.3333333333333333,0.3333333333333333,0.0,0.0,0.0,0.0,4.176091259055681,15000,0.04832778053333333,7575.0,11.176287411337292
18000,78.88,21.99,1.683,0.542,850.702512,1.963,0.433,0.21998,0.014549,0.467,-61.981916,Fe-0.0_Xx3-1.0,0.3333333333333333,0.3333333333333333,0.3333333333333333,0.0,0.0,0.0,0.0,4.2552725051033065,18000,0.047261250666666664,7794.0,15.118900343642613
21000,80.48,22.034,1.668,0.542,956.216841,2.046,0.384,0.242538,0.012554,0.4523,-65.84645,Fe-0.0_Xx3-1.0,0.3333333333333333,0.3333333333333333,0.3333333333333333,0.0,0.0,0.0,0.0,4.3222192947339195,21000,0.04553413528571429,8064.0,19.31804062126643
24000,82.07,22.087,1.669,0.542,1035.31172,1.468,0.347,0.125077,0.011057,0.437,-69.727892,Fe-0.0_Xx3-1.0,0.3333333333333333,0.3333333333333333,0.3333333333333333,0.0,0.0,0.0,0.0,4.380211241711606,24000,0.04313798833333333,8328.0,11.310996563573882
27000,83.67,22.146,1.692,0.542,1085.838101,1.716,0.32,0.168825,0.009892,0.4214,-73.628076,Fe-0.0_Xx3-1.0,0.3333333333333333,0.3333333333333333,0.3333333333333333,0.0,0.0,0.0,0.0,4.431363764158987,27000,0.04021622596296297,8640.0,17.065096532902054
30000,85.26,22.211,1.752,0.542,1109.221317,1.828,0.299,0.18683,0.008959,0.4058,-77.550715,Fe-0.0_Xx3-1.0,0.3333333333333333,0.3333333333333333,0.3333333333333333,0.0,0.0,0.0,0.0,4.477121254719663,30000,0.0369740439,8970.0,20.8515625
100,69.34,21.948,1.696,0.508,5.226489,1.318,39.363,0.032099,2.802267,0.9265,-5.890273,Fe-0.15_Xx3-0.85,0.2833333333333333,0.2833333333333333,0.15,0.2833333333333333,0.0,0.0,0.0,2.0,100,0.05226489,3936.3,0.01145465030468178
200,69.38,21.948,1.696,0.532,10.447303,1.393,25.312,0.057826,1.325893,0.7204,-9.694632,Fe-0.15_Xx3-0.85,0.2833333333333333,0.2833333333333333,0.15,0.2833333333333333,0.0,0.0,0.0,2.3010299956639813,200,0.052236515,5062.400000000001,0.04361283782866504
300,69.43,21.949,1.696,0.538,15.660156,1.384,19.012,0.070704,0.872738,0.6394,-13.433612,Fe-0.15_Xx3-0.85,0.2833333333333333,0.2833333333333333,0.15,0.2833333333333333,0.0,0.0,0.0,2.4771212547196626,300,0.05220052,5703.6,0.08101391137556589
400,69.48,21.949,1.696,0.54,20.865004,1.426,15.262,0.084597,0.651157,0.5974,-17.148967,Fe-0.15_Xx3-0.85,0.2833333333333333,0.2833333333333333,0.15,0.2833333333333333,0.0,0.0,0.0,2.6020599913279625,400,0.052162509999999995,6104.8,0.12991777725221837
500,69.53,21.949,1.695,0.541,26.061967,1.433,12.729,0.091802,0.519661,0.573,-20.852242,Fe-0.15_Xx3-0.85,0.2833333333333333,0.2833333333333333,0.15,0.2833333333333333,0.0,0.0,0.0,2.6989700043360187,500,0.052123934,6364.5,0.17665713482994713
600,69.58,21.95,1.695,0.542,31.251177,1.445,10.899,0.097741,0.43271,0.5577,-24.548635,Fe-0.15_Xx3-0.85,0.2833333333333333,0.2833333333333333,0.15,0.2833333333333333,0.0,0.0,0.0,2.7781512503836434,600,0.052085295,6539.4,0.22588055307121843
700,69.63,21.95,1.695,0.542,36.432721,1.454,9.517,0.102033,0.371064,0.5474,-28.240922,Fe-0.15_Xx3-0.85,0.2833333333333333,0.2833333333333333,0.15,0.2833333333333333,0.0,0.0,0.0,2.845098040014257,700,0.052046744285714285,6661.9,0.27497338741190896
800,69.69,21.95,1.695,0.541,41.606662,1.463,8.44,0.105649,0.325177,0.5401,-31.930598,Fe-0.15_Xx3-0.85,0.2833333333333333,0.2833333333333333,0.15,0.2833333333333333,0.0,0.0,0.0,2.9030899869919438,800,0.0520083275,6752.0,0.32489590316688094
900,69.74,21.95,1.695,0.54,46.773066,1.468,7.577,0.108007,0.289795,0.5348,-35.618533,Fe-0.15_Xx3-0.85,0.2833333333333333,0.2833333333333333,0.15,0.2833333333333333,0.0,0.0,0.0,2.9542425094393248,900,0.05197007333333333,6819.3,0.3727001062816602
1000,69.79,21.951,1.695,0.539,51.932021,1.477,6.87,0.110756,0.261751,0.5308,-39.305426,Fe-0.15_Xx3-0.85,0.2833333333333333,0.2833333333333333,0.15,0.2833333333333333,0.0,0.0,0.0,3.0,1000,0.051932021,6870.0,0.4231333475961979
3000,70.84,21.954,1.693,0.539,153.399556,1.912,2.385,0.195716,0.087684,0.5096,-42.9443,Fe-0.15_Xx3-0.85,0.2833333333333333,0.2833333333333333,0.15,0.2833333333333333,0.0,0.0,0.0,3.4771212547196626,3000,0.05113318533333333,7154.999999999999,2.232035125734162
6000,72.41,21.953,1.693,0.539,300.713833,1.756,1.168,0.156176,0.044163,0.5203,-46.663661,Fe-0.15_Xx3-0.85,0.2833333333333333,0.2833333333333333,0.15,0.2833333333333333,0.0,0.0,0.0,3.7781512503836434,6000,0.05011897216666667,7008.0,3.5362738882347613
9000,73.97,21.943,1.699,0.539,445.20173,1.78,0.791,0.162751,0.029653,0.5118,-50.45852,Fe-0.15_Xx3-0.85,0.2833333333333333,0.2833333333333333,0.15,0.2833333333333333,0.0,0.0,0.0,3.9542425094393248,9000,0.04946685888888889,7119.0,5.488332096850341
12000,75.54,21.942,1.699,0.539,587.657756,1.867,0.61,0.185718,0.022396,0.4977,-54.28187,Fe-0.15_Xx3-0.85,0.2833333333333333,0.2833333333333333,0.15,0.2833333333333333,0.0,0.0,0.0,4.079181246047625,12000,0.048971479666666665,7320.0,8.292092690985399
15000,77.11,21.958,1.69,0.539,725.376061,1.974,0.502,0.214441,0.01804,0.4844,-58.118648,Fe-0.15_Xx3-0.85,0.2833333333333333,0.2833333333333333,0.15,0.2833333333333333,0.0,0.0,0.0,4.176091259055681,15000,0.04835840406666667,7530.0,11.886314505847789
18000,78.68,21.988,1.673,0.539,851.511638,2.076,0.43,0.243491,0.015134,0.4704,-61.966819,Fe-0.15_Xx3-0.85,0.2833333333333333,0.2833333333333333,0.15,0.2833333333333333,0.0,0.0,0.0,4.2552725051033065,18000,0.047306202111111105,7740.0,16.087941856623722
21000,80.24,22.029,1.652,0.539,957.711231,2.171,0.381,0.270434,0.013058,0.4555,-65.827064,Fe-0.15_Xx3-0.85,0.2833333333333333,0.2833333333333333,0.15,0.2833333333333333,0.0,0.0,0.0,4.3222192947339195,21000,0.04560529671428572,8001.0,20.708630063557703
24000,81.81,22.079,1.641,0.539,1037.829747,1.622,0.345,0.15136,0.0115,0.44,-69.70268,Fe-0.15_Xx3-0.85,0.2833333333333333,0.2833333333333333,0.15,0.2833333333333333,0.0,0.0,0.0,4.380211241711606,24000,0.043242906125,8280.0,13.160594730892967
27000,83.38,22.136,1.65,0.539,1089.626127,1.888,0.318,0.202845,0.010287,0.4243,-73.596271,Fe-0.15_Xx3-0.85,0.2833333333333333,0.2833333333333333,0.15,0.2833333333333333,0.0,0.0,0.0,4.431363764158987,27000,0.040356523222222225,8586.0,19.716660186625198
30000,84.95,22.199,1.684,0.539,1114.387261,2.007,0.297,0.22394,0.009316,0.4085,-77.509358,Fe-0.15_Xx3-0.85,0.2833333333333333,0.2833333333333333,0.15,0.2833333333333333,0.0,0.0,0.0,4.477121254719663,30000,0.03714624203333334,8910.0,24.035633787699908
100,69.36,21.947,1.701,0.508,5.226304,1.431,45.702,0.050414,2.77522,0.798,-5.965373,Fe-0.1_Xx3-0.9,0.3,0.3,0.1,0.3,0.0,0.0,0.0,2.0,100,0.05226304,4570.2,0.018165760492587796
200,69.39,21.948,1.7,0.532,10.446397,1.423,27.454,0.069871,1.314568,0.6642,-9.726686,Fe-0.1_Xx3-0.9,0.3,0.3,0.1,0.3,0.0,0.0,0.0,2.3010299956639813,200,0.052231984999999995,5490.8,0.05315126098363799
300,69.44,21.949,1.7,0.538,15.658481,1.401,19.712,0.077312,0.864616,0.6167,-13.445556,Fe-0.1_Xx3-0.9,0.3,0.3,0.1,0.3,0.0,0.0,0.0,2.4771212547196626,300,0.052194936666666664,5913.6,0.08941762653290417
400,69.49,21.95,1.699,0.541,20.862536,1.426,15.625,0.088065,0.644425,0.5835,-17.15648,Fe-0.1_Xx3-0.9,0.3,0.3,0.1,0.3,0.0,0.0,0.0,2.6020599913279625,400,0.052156339999999995,6250.0,0.13665649741009828
500,69.55,21.95,1.699,0.542,26.058634,1.445,12.914,0.09568,0.513746,0.5648,-20.857036,Fe-0.1_Xx3-0.9,0.3,0.3,0.1,0.3,0.0,0.0,0.0,2.6989700043360187,500,0.052117268,6457.0,0.18623953035248866
600,69.6,21.95,1.699,0.543,31.246867,1.438,10.991,0.098117,0.42734,0.553,-24.551598,Fe-0.1_Xx3-0.9,0.3,0.3,0.1,0.3,0.0,0.0,0.0,2.7781512503836434,600,0.05207811166666667,6594.599999999999,0.2295988449505196
700,69.65,21.951,1.699,0.543,36.427292,1.459,9.58,0.103966,0.366118,0.5438,-28.243426,Fe-0.1_Xx3-0.9,0.3,0.3,0.1,0.3,0.0,0.0,0.0,2.845098040014257,700,0.05203898857142857,6706.0,0.2839677809673904
800,69.71,21.951,1.699,0.543,41.599946,1.476,8.499,0.108743,0.32058,0.5364,-31.933392,Fe-0.1_Xx3-0.9,0.3,0.3,0.1,0.3,0.0,0.0,0.0,2.9030899869919438,800,0.051999932500000005,6799.200000000001,0.3392060040988082
900,69.76,21.951,1.698,0.542,46.764889,1.47,7.637,0.10976,0.285492,0.5306,-35.621873,Fe-0.1_Xx3-0.9,0.3,0.3,0.1,0.3,0.0,0.0,0.0,2.9542425094393248,900,0.05196098777777777,6873.299999999999,0.38445776253708497
1000,69.81,21.951,1.698,0.541,51.922208,1.486,6.929,0.11372,0.257663,0.5263,-39.309124,Fe-0.1_Xx3-0.9,0.3,0.3,0.1,0.3,0.0,0.0,0.0,3.0,1000,0.051922208,6929.0,0.4413499751614507
3000,70.87,21.955,1.696,0.541,153.331503,1.888,2.405,0.193231,0.08632,0.5055,-42.946994,Fe-0.1_Xx3-0.9,0.3,0.3,0.1,0.3,0.0,0.0,0.0,3.4771212547196626,3000,0.051110501,7214.999999999999,2.238516699296811
6000,72.46,21.953,1.697,0.541,300.533617,1.748,1.172,0.155544,0.04348,0.5184,-46.667357,Fe-0.1_Xx3-0.9,0.3,0.3,0.1,0.3,0.0,0.0,0.0,3.7781512503836434,6000,0.05008893616666667,7032.0,3.5772866309422504
9000,74.05,21.942,1.703,0.541,444.885379,1.777,0.793,0.162741,0.029197,0.5106,-50.463698,Fe-0.1_Xx3-0.9,0.3,0.3,0.1,0.3,0.0,0.0,0.0,3.9542425094393248,9000,0.04943170877777778,7137.0,5.573703678334132
12000,75.64,21.943,1.703,0.541,587.163649,1.866,0.612,0.18611,0.022054,0.4966,-54.288538,Fe-0.1_Xx3-0.9,0.3,0.3,0.1,0.3,0.0,0.0,0.0,4.079181246047625,12000,0.04893030408333333,7344.0,8.438449331217411
15000,77.23,21.959,1.694,0.541,724.639022,1.973,0.503,0.214787,0.017766,0.4834,-58.126608,Fe-0.1_Xx3-0.9,0.3,0.3,0.1,0.3,0.0,0.0,0.0,4.176091259055681,15000,0.04830926813333333,7545.0,12.089097765520346
18000,78.82,21.99,1.676,0.541,850.431186,2.077,0.431,0.244261,0.014906,0.4695,-61.976218,Fe-0.1_Xx3-0.9,0.3,0.3,0.1,0.3,0.0,0.0,0.0,4.2552725051033065,18000,0.047246177,7758.0,16.385657744683705
21000,80.41,22.032,1.656,0.541,956.16863,2.171,0.382,0.270818,0.012862,0.4546,-65.838692,Fe-0.1_Xx3-0.9,0.3,0.3,0.1,0.3,0.0,0.0,0.0,4.3222192947339195,21000,0.04553183952380952,8022.0,21.054030941460002
24000,82.0,22.083,1.649,0.541,1035.722799,1.617,0.345,0.150614,0.011328,0.4392,-69.717222,Fe-0.1_Xx3-0.9,0.3,0.3,0.1,0.3,0.0,0.0,0.0,4.380211241711606,24000,0.043155116624999997,8280.0,13.294553799982348
27000,83.59,22.141,1.662,0.541,1086.896951,1.883,0.318,0.201896,0.010134,0.4235,-73.61409,Fe-0.1_Xx3-0.9,0.3,0.3,0.1,0.3,0.0,0.0,0.0,4.431363764158987,27000,0.04025544262962963,8586.0,19.92067094227923
30000,85.18,22.204,1.703,0.541,1111.032284,1.994,0.298,0.221205,0.009178,0.4077,-77.531375,Fe-0.1_Xx3-0.9,0.3,0.3,0.1,0.3,0.0,0.0,0.0,4.477121254719663,30000,0.03703440946666666,8940.0,24.099030395467917
100,71.22,21.123,2.449,2.238,3.963946,1.607,9.209,0.001277,0.081346,3.9602,-5.869553,Fe,0.0,0.0,1.0,0.0,0.0,0.0,0.0,2.0,100,0.03963946,920.9,0.015698181862883694
200,71.35,21.124,2.453,2.229,7.914026,1.545,3.571,0.000603,0.041037,5.1064,-9.327552,Fe,0.0,0.0,1.0,0.0,0.0,0.0,0.0,2.3010299956639813,200,0.03957013,714.2,0.01469369852331985
300,71.5,21.124,2.454,2.182,11.846171,1.544,2.341,0.000574,0.028666,5.1937,-12.975738,Fe,0.0,0.0,1.0,0.0,0.0,0.0,0.0,2.4771212547196626,300,0.03948723666666667,702.3000000000001,0.020023022988104787
400,71.66,21.124,2.456,2.14,15.760885,1.553,1.798,0.000618,0.022441,5.0699,-16.663971,Fe,0.0,0.0,1.0,0.0,0.0,0.0,0.0,2.6020599913279625,400,0.0394022125,719.2,0.027537652615631403
500,71.83,21.125,2.457,2.105,19.658947,1.548,1.484,0.000667,0.018633,4.9139,-20.36797,Fe,0.0,0.0,1.0,0.0,0.0,0.0,0.0,2.6989700043360187,500,0.039317894000000006,742.0,0.03579478372866802
600,71.99,21.125,2.458,2.074,23.541156,1.544,1.28,0.000724,0.01604,4.7495,-24.082804,Fe,0.0,0.0,1.0,0.0,0.0,0.0,0.0,2.7781512503836434,600,0.03923526,768.0,0.04513434324543358
700,72.16,21.125,2.459,2.047,27.408212,1.55,1.133,0.000793,0.014159,4.5977,-27.802597,Fe,0.0,0.0,1.0,0.0,0.0,0.0,0.0,2.845098040014257,700,0.03915458857142857,793.1,0.056002824858757065
800,72.33,21.126,2.46,2.022,31.260694,1.554,1.02,0.000857,0.012741,4.4707,-31.523157,Fe,0.0,0.0,1.0,0.0,0.0,0.0,0.0,2.9030899869919438,800,0.0390758675,816.0,0.06725788730183645
900,72.49,21.126,2.46,2.0,35.099085,1.549,0.927,0.000902,0.011609,4.3717,-35.24231,Fe,0.0,0.0,1.0,0.0,0.0,0.0,0.0,2.9542425094393248,900,0.038998983333333334,834.3000000000001,0.07769164513350561
1000,72.66,21.126,2.461,1.98,38.923808,1.557,0.848,0.00095,0.010684,4.2998,-38.959043,Fe,0.0,0.0,1.0,0.0,0.0,0.0,0.0,3.0,1000,0.038923808000000004,848.0,0.08890968647636874
3000,76.01,21.116,2.418,1.98,113.016192,2.257,0.262,0.001578,0.003615,4.6429,-42.285631,Fe,0.0,0.0,1.0,0.0,0.0,0.0,0.0,3.4771212547196626,3000,0.037672064,786.0,0.4363938053097345
6000,81.03,21.103,2.348,1.98,216.075645,2.338,0.13,0.00158,0.001847,4.6846,-45.905339,Fe,0.0,0.0,1.0,0.0,0.0,0.0,0.0,3.7781512503836434,6000,0.0360126075,780.0,0.8549783549783551
9000,86.05,21.092,2.285,1.98,309.647283,2.416,0.095,0.002054,0.001256,4.2739,-49.787938,Fe,0.0,0.0,1.0,0.0,0.0,0.0,0.0,3.9542425094393248,9000,0.03440525366666667,855.0,1.634049323786794
12000,91.07,21.083,2.228,1.98,395.127355,2.507,0.079,0.002827,0.00096,3.8241,-53.782421,Fe,0.0,0.0,1.0,0.0,0.0,0.0,0.0,4.079181246047625,12000,0.03292727958333334,948.0,2.9417273673257025
15000,96.1,21.081,2.214,1.98,471.438491,2.606,0.07,0.003691,0.000782,3.4881,-57.835695,Fe,0.0,0.0,1.0,0.0,0.0,0.0,0.0,4.176091259055681,15000,0.03142923273333333,1050.0,4.713920817369092
18000,101.12,21.09,2.273,1.98,534.698628,2.699,0.062,0.004445,0.000663,3.2608,-61.930845,Fe,0.0,0.0,1.0,0.0,0.0,0.0,0.0,4.2552725051033065,18000,0.029705479333333333,1116.0,6.694277108433735
21000,106.14,21.111,2.395,1.98,581.057638,2.801,0.056,0.005089,0.000577,3.0939,-66.064395,Fe,0.0,0.0,1.0,0.0,0.0,0.0,0.0,4.3222192947339195,21000,0.027669411333333335,1176.0,8.804498269896193
24000,111.16,21.143,2.517,1.98,608.929908,1.624,0.051,0.001761,0.000513,2.9536,-70.227564,Fe,0.0,0.0,1.0,0.0,0.0,0.0,0.0,4.380211241711606,24000,0.0253720795,1224.0,3.4260700389105057
27000,116.18,21.184,2.521,1.98,619.246077,1.86,0.048,0.002336,0.000463,2.8243,-74.402337,Fe,0.0,0.0,1.0,0.0,0.0,0.0,0.0,4.431363764158987,27000,0.02293503988888889,1296.0,5.0344827586206895
30000,121.21,21.232,2.296,1.98,614.59491,2.093,0.045,0.00295,0.000422,2.7007,-78.568689,Fe,0.0,0.0,1.0,0.0,0.0,0.0,0.0,4.477121254719663,30000,0.020486497,1350.0,6.9739952718676115
100,70.0,21.843,1.767,0.683,5.146281,1.788,16.22,0.008428,1.574168,2.2485,-5.593935,Ni-0.05_Xx3-0.95,0.3166666666666666,0.3166666666666666,0.3166666666666666,0.0,0.05,0.0,0.0,2.0,100,0.05146281,1622.0,0.005353935949697904
200,70.05,21.844,1.767,0.691,10.284981,1.828,11.945,0.021433,0.771396,1.5266,-9.456258,Ni-0.05_Xx3-0.95,0.3166666666666666,0.3166666666666666,0.3166666666666666,0.0,0.05,0.0,0.0,2.3010299956639813,200,0.051424905,2389.0,0.027784655631276762
300,70.11,21.844,1.767,0.695,15.414284,1.838,8.821,0.027061,0.50877,1.3781,-13.193399,Ni-0.05_Xx3-0.95,0.3166666666666666,0.3166666666666666,0.3166666666666666,0.0,0.05,0.0,0.0,2.4771212547196626,300,0.05138094666666667,2646.2999999999997,0.053188959276373855
400,70.18,21.844,1.767,0.699,20.534017,1.871,6.988,0.031507,0.378538,1.3047,-16.910754,Ni-0.05_Xx3-0.95,0.3166666666666666,0.3166666666666666,0.3166666666666666,0.0,0.05,0.0,0.0,2.6020599913279625,400,0.0513350425,2795.2000000000003,0.0832331675203876
500,70.24,21.844,1.767,0.701,25.644108,1.867,5.903,0.035211,0.301145,1.2356,-20.629009,Ni-0.05_Xx3-0.95,0.3166666666666666,0.3166666666666666,0.3166666666666666,0.0,0.05,0.0,0.0,2.6989700043360187,500,0.051288216,2951.5,0.11692335279233329
600,70.31,21.844,1.766,0.702,30.744647,1.829,5.164,0.037352,0.250173,1.1771,-24.345655,Ni-0.05_Xx3-0.95,0.3166666666666666,0.3166666666666666,0.3166666666666666,0.0,0.05,0.0,0.0,2.7781512503836434,600,0.051241078333333336,3098.3999999999996,0.14930408435728737
700,70.38,21.844,1.766,0.703,35.835834,1.813,4.598,0.0397,0.214344,1.133,-28.058749,Ni-0.05_Xx3-0.95,0.3166666666666666,0.3166666666666666,0.3166666666666666,0.0,0.05,0.0,0.0,2.845098040014257,700,0.05119404857142857,3218.6,0.18521542373276725
800,70.44,21.845,1.766,0.702,40.917933,1.817,4.143,0.042306,0.187989,1.1002,-31.768932,Ni-0.05_Xx3-0.95,0.3166666666666666,0.3166666666666666,0.3166666666666666,0.0,0.05,0.0,0.0,2.9030899869919438,800,0.051147416249999994,3314.3999999999996,0.22504388531304859
900,70.51,21.845,1.766,0.7,45.991281,1.822,3.77,0.044578,0.168007,1.0748,-35.477391,Ni-0.05_Xx3-0.95,0.3166666666666666,0.3166666666666666,0.3166666666666666,0.0,0.05,0.0,0.0,2.9542425094393248,900,0.05110142333333333,3393.0,0.265332603209371
1000,70.58,21.846,1.765,0.697,51.056284,1.813,3.46,0.045884,0.152334,1.0541,-39.185012,Ni-0.05_Xx3-0.95,0.3166666666666666,0.3166666666666666,0.3166666666666666,0.0,0.05,0.0,0.0,3.0,1000,0.051056284,3460.0,0.3012045820067614
3000,71.86,21.855,1.759,0.697,150.39952,2.128,1.35,0.084774,0.051085,0.9007,-42.977943,Ni-0.05_Xx3-0.95,0.3166666666666666,0.3166666666666666,0.3166666666666666,0.0,0.05,0.0,0.0,3.4771212547196626,3000,0.05013317333333333,4050.0000000000005,1.6594370277571155
6000,73.8,21.86,1.754,0.697,293.008929,2.051,0.744,0.092536,0.025769,0.8173,-46.732273,Ni-0.05_Xx3-0.95,0.3166666666666666,0.3166666666666666,0.3166666666666666,0.0,0.05,0.0,0.0,3.7781512503836434,6000,0.04883482150000001,4464.0,3.590842064415987
9000,75.73,21.855,1.759,0.697,430.426844,1.929,0.528,0.090333,0.017328,0.7671,-50.537699,Ni-0.05_Xx3-0.95,0.3166666666666666,0.3166666666666666,0.3166666666666666,0.0,0.05,0.0,0.0,3.9542425094393248,9000,0.04782520488888889,4752.0,5.212822436378325
12000,77.66,21.85,1.762,0.697,563.896831,1.922,0.412,0.094713,0.013106,0.7375,-54.373954,Ni-0.05_Xx3-0.95,0.3166666666666666,0.3166666666666666,0.3166666666666666,0.0,0.05,0.0,0.0,4.079181246047625,12000,0.046991402583333335,4944.0,7.226138704509042
15000,79.59,21.855,1.759,0.697,691.72375,1.981,0.341,0.10532,0.010571,0.7121,-58.231979,Ni-0.05_Xx3-0.95,0.3166666666666666,0.3166666666666666,0.3166666666666666,0.0,0.05,0.0,0.0,4.176091259055681,15000,0.046114916666666665,5115.0,9.962164207340143
18000,81.53,21.869,1.747,0.697,808.685212,2.058,0.295,0.118535,0.00888,0.686,-62.108238,Ni-0.05_Xx3-0.95,0.3166666666666666,0.3166666666666666,0.3166666666666666,0.0,0.05,0.0,0.0,4.2552725051033065,18000,0.044926956222222224,5310.0,13.347032991780205
21000,83.46,21.893,1.726,0.697,908.031861,2.137,0.263,0.132187,0.007671,0.6593,-66.000263,Ni-0.05_Xx3-0.95,0.3166666666666666,0.3166666666666666,0.3166666666666666,0.0,0.05,0.0,0.0,4.3222192947339195,21000,0.04323961242857143,5523.0,17.229796663190825
24000,85.39,21.925,1.694,0.697,984.526462,1.724,0.24,0.087831,0.006764,0.6325,-69.906538,Ni-0.05_Xx3-0.95,0.3166666666666666,0.3166666666666666,0.3166666666666666,0.0,0.05,0.0,0.0,4.380211241711606,24000,0.04102193591666667,5760.0,12.983148558758316
27000,87.32,21.963,1.654,0.697,1035.988445,1.975,0.223,0.116129,0.006057,0.6062,-73.826834,Ni-0.05_Xx3-0.95,0.3166666666666666,0.3166666666666666,0.3166666666666666,0.0,0.05,0.0,0.0,4.431363764158987,27000,0.038369942407407404,6021.0,19.169527896995707
30000,89.26,22.006,1.615,0.697,1063.152412,2.175,0.209,0.140374,0.005491,0.5804,-77.763958,Ni-0.05_Xx3-0.95,0.3166666666666666,0.3166666666666666,0.3166666666666666,0.0,0.05,0.0,0.0,4.477121254719663,30000,0.035438413733333333,6270.0,25.559723233794607
100,70.31,21.767,1.793,0.789,5.111915,2.259,17.954,0.016995,1.092123,2.0313,-5.715853,Ni-0.0_Xx3-1.0,0.3333333333333333,0.3333333333333333,0.3333333333333333,0.0,0.0,0.0,0.0,2.0,100,0.051119149999999995,1795.4,0.015561419765521133
200,70.37,21.767,1.793,0.775,10.215553,2.366,11.186,0.030817,0.565002,1.6301,-9.50877,Ni-0.0_Xx3-1.0,0.3333333333333333,0.3333333333333333,0.3333333333333333,0.0,0.0,0.0,0.0,2.3010299956639813,200,0.051077765,2237.2,0.05454307322262005
300,70.44,21.767,1.793,0.768,15.308729,2.344,8.222,0.037537,0.382971,1.4785,-13.249634,Ni-0.0_Xx3-1.0,0.3333333333333333,0.3333333333333333,0.3333333333333333,0.0,0.0,0.0,0.0,2.4771212547196626,300,0.05102909666666666,2466.6,0.09801499848552897
400,70.51,21.767,1.793,0.763,20.391497,2.35,6.371,0.040448,0.290914,1.4311,-16.961105,Ni-0.0_Xx3-1.0,0.3333333333333333,0.3333333333333333,0.3333333333333333,0.0,0.0,0.0,0.0,2.6020599913279625,400,0.0509787425,2548.4,0.1390371758073664
500,70.58,21.767,1.793,0.757,25.464248,2.35,5.168,0.04166,0.235748,1.4113,-20.664283,Ni-0.0_Xx3-1.0,0.3333333333333333,0.3333333333333333,0.3333333333333333,0.0,0.0,0.0,0.0,2.6989700043360187,500,0.050928496000000004,2584.0,0.17671336887961347
600,70.65,21.767,1.793,0.752,30.527482,2.339,4.354,0.042205,0.199374,1.3961,-24.367297,Ni-0.0_Xx3-1.0,0.3333333333333333,0.3333333333333333,0.3333333333333333,0.0,0.0,0.0,0.0,2.7781512503836434,600,0.050879136666666665,2612.4,0.21168652037617555
700,70.72,21.767,1.793,0.745,35.581773,2.343,3.776,0.043419,0.173878,1.3796,-28.072353,Ni-0.0_Xx3-1.0,0.3333333333333333,0.3333333333333333,0.3333333333333333,0.0,0.0,0.0,0.0,2.845098040014257,700,0.05083110428571428,2643.2,0.24970813036651923
800,70.78,21.767,1.792,0.736,40.62778,2.341,3.348,0.044534,0.155299,1.3617,-31.779425,Ni-0.0_Xx3-1.0,0.3333333333333333,0.3333333333333333,0.3333333333333333,0.0,0.0,0.0,0.0,2.9030899869919438,800,0.050784725,2678.4,0.2867611075338055
900,70.85,21.768,1.792,0.727,45.666227,2.351,3.016,0.046192,0.141299,1.3435,-35.487991,Ni-0.0_Xx3-1.0,0.3333333333333333,0.3333333333333333,0.3333333333333333,0.0,0.0,0.0,0.0,2.9542425094393248,900,0.05074025222222222,2714.4,0.3269072894550601
1000,70.91,21.768,1.792,0.717,50.697864,2.343,2.751,0.047212,0.130405,1.3255,-39.197709,Ni-0.0_Xx3-1.0,0.3333333333333333,0.3333333333333333,0.3333333333333333,0.0,0.0,0.0,0.0,3.0,1000,0.050697864,2751.0,0.3620385565081361
3000,72.1,21.774,1.788,0.717,149.534367,1.96,1.084,0.04616,0.043711,1.1211,-43.0155,Ni-0.0_Xx3-1.0,0.3333333333333333,0.3333333333333333,0.3333333333333333,0.0,0.0,0.0,0.0,3.4771212547196626,3000,0.049844789,3252.0,1.0560029282576866
6000,73.9,21.777,1.786,0.717,291.912322,1.983,0.607,0.0579,0.022035,1.0018,-46.777567,Ni-0.0_Xx3-1.0,0.3333333333333333,0.3333333333333333,0.3333333333333333,0.0,0.0,0.0,0.0,3.7781512503836434,6000,0.04865205366666667,3642.0,2.6275186059175892
9000,75.69,21.772,1.789,0.717,429.388447,1.944,0.434,0.062642,0.014808,0.9345,-50.580789,Ni-0.0_Xx3-1.0,0.3333333333333333,0.3333333333333333,0.3333333333333333,0.0,0.0,0.0,0.0,3.9542425094393248,9000,0.04770982744444444,3906.0,4.22999527314471
12000,77.48,21.768,1.792,0.717,563.132334,1.86,0.339,0.061233,0.011193,0.8963,-54.413284,Ni-0.0_Xx3-1.0,0.3333333333333333,0.3333333333333333,0.3333333333333333,0.0,0.0,0.0,0.0,4.079181246047625,12000,0.0469276945,4068.0000000000005,5.470162587100233
15000,79.28,21.772,1.789,0.717,691.560223,1.812,0.281,0.061229,0.009023,0.8642,-58.267264,Ni-0.0_Xx3-1.0,0.3333333333333333,0.3333333333333333,0.3333333333333333,0.0,0.0,0.0,0.0,4.176091259055681,15000,0.04610401486666666,4215.0,6.785128546099291
18000,81.07,21.784,1.781,0.717,809.599253,1.788,0.244,0.062642,0.007575,0.8314,-62.139321,Ni-0.0_Xx3-1.0,0.3333333333333333,0.3333333333333333,0.3333333333333333,0.0,0.0,0.0,0.0,4.2552725051033065,18000,0.04497773627777778,4392.0,8.268479408658923
21000,82.86,21.805,1.767,0.717,910.594791,1.778,0.217,0.06454,0.006541,0.798,-66.02729,Ni-0.0_Xx3-1.0,0.3333333333333333,0.3333333333333333,0.3333333333333333,0.0,0.0,0.0,0.0,4.3222192947339195,21000,0.04336165671428571,4557.0,9.86548456129624
24000,84.66,21.833,1.749,0.717,989.276065,2.301,0.199,0.111331,0.005764,0.7647,-69.930226,Ni-0.0_Xx3-1.0,0.3333333333333333,0.3333333333333333,0.3333333333333333,0.0,0.0,0.0,0.0,4.380211241711606,24000,0.041219836041666666,4776.0,19.31153512575889
27000,86.45,21.868,1.726,0.717,1043.309966,2.036,0.184,0.088589,0.00516,0.732,-73.84727,Ni-0.0_Xx3-1.0,0.3333333333333333,0.3333333333333333,0.3333333333333333,0.0,0.0,0.0,0.0,4.431363764158987,27000,0.03864110985185185,4968.0,17.16508428599109
30000,88.24,21.907,1.692,0.717,1073.216988,1.906,0.173,0.077974,0.004676,0.7001,-77.776939,Ni-0.0_Xx3-1.0,0.3333333333333333,0.3333333333333333,0.3333333333333333,0.0,0.0,0.0,0.0,4.477121254719663,30000,0.0357738996,5190.0,16.671798161214454
100,69.58,21.957,1.668,0.642,5.187862,1.351,41.312,0.036774,1.778838,0.8828,-5.835955,Ni-0.15_Xx3-0.85,0.2833333333333333,0.2833333333333333,0.2833333333333333,0.0,0.15,0.0,0.0,2.0,100,0.05187862,4131.2,0.020673034490473845
200,69.63,21.956,1.668,0.661,10.369146,1.313,26.466,0.055246,0.848897,0.689,-9.635876,Ni-0.15_Xx3-0.85,0.2833333333333333,0.2833333333333333,0.2833333333333333,0.0,0.15,0.0,0.0,2.3010299956639813,200,0.05184573000000001,5293.2,0.06507966799309223
300,69.69,21.956,1.668,0.665,15.541751,1.327,19.444,0.067128,0.560644,0.6252,-13.379194,Ni-0.15_Xx3-0.85,0.2833333333333333,0.2833333333333333,0.2833333333333333,0.0,0.15,0.0,0.0,2.4771212547196626,300,0.05180583666666667,5833.2,0.11973352121217523
400,69.75,21.955,1.669,0.665,20.705706,1.342,15.357,0.075162,0.42023,0.5937,-17.097763,Ni-0.15_Xx3-0.85,0.2833333333333333,0.2833333333333333,0.2833333333333333,0.0,0.15,0.0,0.0,2.6020599913279625,400,0.051764265,6142.799999999999,0.17885877053334953
500,69.81,21.954,1.669,0.663,25.861213,1.336,12.558,0.077349,0.337769,0.5808,-20.799734,Ni-0.15_Xx3-0.85,0.2833333333333333,0.2833333333333333,0.2833333333333333,0.0,0.15,0.0,0.0,2.6989700043360187,500,0.051722426,6279.0,0.2289990230038192
600,69.87,21.954,1.67,0.66,31.008623,1.345,10.608,0.080217,0.284054,0.573,-24.496226,Ni-0.15_Xx3-0.85,0.2833333333333333,0.2833333333333333,0.2833333333333333,0.0,0.15,0.0,0.0,2.7781512503836434,600,0.05168103833333333,6364.8,0.2823995353012621
700,69.93,21.953,1.67,0.654,36.148435,1.349,9.205,0.082284,0.246713,0.566,-28.191572,Ni-0.15_Xx3-0.85,0.2833333333333333,0.2833333333333333,0.2833333333333333,0.0,0.15,0.0,0.0,2.845098040014257,700,0.051640621428571426,6443.5,0.33351978404144067
800,69.99,21.953,1.67,0.648,41.281243,1.357,8.142,0.084808,0.219548,0.5599,-31.886273,Ni-0.15_Xx3-0.85,0.2833333333333333,0.2833333333333333,0.2833333333333333,0.0,0.15,0.0,0.0,2.9030899869919438,800,0.05160155375,6513.599999999999,0.3862827888079654
900,70.05,21.953,1.67,0.64,46.407683,1.371,7.296,0.087714,0.199103,0.5554,-35.580032,Ni-0.15_Xx3-0.85,0.2833333333333333,0.2833333333333333,0.2833333333333333,0.0,0.15,0.0,0.0,2.9542425094393248,900,0.05156409222222222,6566.400000000001,0.44054363548698167
1000,70.1,21.953,1.67,0.631,51.52838,1.38,6.598,0.089588,0.183129,0.5527,-39.272775,Ni-0.15_Xx3-0.85,0.2833333333333333,0.2833333333333333,0.2833333333333333,0.0,0.15,0.0,0.0,3.0,1000,0.05152838,6598.0,0.48920439032381374
3000,71.15,21.957,1.667,0.631,152.306388,2.123,2.127,0.19717,0.061347,0.5714,-42.928899,Ni-0.15_Xx3-0.85,0.2833333333333333,0.2833333333333333,0.2833333333333333,0.0,0.15,0.0,0.0,3.4771212547196626,3000,0.050768796,6380.999999999999,3.2139597052878663
6000,72.73,21.964,1.664,0.631,298.194936,1.904,1.114,0.168097,0.030898,0.5454,-46.659773,Ni-0.15_Xx3-0.85,0.2833333333333333,0.2833333333333333,0.2833333333333333,0.0,0.15,0.0,0.0,3.7781512503836434,6000,0.049699155999999994,6684.000000000001,5.440208420984498
9000,74.31,21.956,1.668,0.631,440.576499,1.83,0.773,0.163744,0.020747,0.524,-50.454278,Ni-0.15_Xx3-0.85,0.2833333333333333,0.2833333333333333,0.2833333333333333,0.0,0.15,0.0,0.0,3.9542425094393248,9000,0.04895294433333333,6957.0,7.892037786774628
12000,75.88,21.951,1.671,0.631,580.495941,1.879,0.597,0.179202,0.015669,0.5088,-54.277174,Ni-0.15_Xx3-0.85,0.2833333333333333,0.2833333333333333,0.2833333333333333,0.0,0.15,0.0,0.0,4.079181246047625,12000,0.04837466175,7164.0,11.435992342054883
15000,77.46,21.959,1.666,0.631,715.721779,1.974,0.491,0.203937,0.012622,0.4953,-58.116068,Ni-0.15_Xx3-0.85,0.2833333333333333,0.2833333333333333,0.2833333333333333,0.0,0.15,0.0,0.0,4.176091259055681,15000,0.047714785266666664,7365.0,16.155985106551537
18000,79.04,21.98,1.655,0.631,840.190599,2.066,0.421,0.229712,0.010589,0.4806,-61.968878,Ni-0.15_Xx3-0.85,0.2833333333333333,0.2833333333333333,0.2833333333333333,0.0,0.15,0.0,0.0,4.2552725051033065,18000,0.0466772555,7578.0,21.69140698772427
21000,80.61,22.011,1.644,0.631,946.243503,2.153,0.373,0.254401,0.009136,0.4648,-65.835329,Ni-0.15_Xx3-0.85,0.2833333333333333,0.2833333333333333,0.2833333333333333,0.0,0.15,0.0,0.0,4.3222192947339195,21000,0.04505921442857143,7833.0,27.84294626244938
24000,82.19,22.05,1.631,0.631,1027.990645,1.618,0.338,0.144696,0.008046,0.4483,-69.714677,Ni-0.15_Xx3-0.85,0.2833333333333333,0.2833333333333333,0.2833333333333333,0.0,0.15,0.0,0.0,4.380211241711606,24000,0.04283294354166667,8112.000000000001,17.98135951286194
27000,83.76,22.097,1.609,0.631,1082.984731,1.943,0.312,0.207843,0.007197,0.4315,-73.604969,Ni-0.15_Xx3-0.85,0.2833333333333333,0.2833333333333333,0.2833333333333333,0.0,0.15,0.0,0.0,4.431363764158987,27000,0.04011054559259259,8424.0,28.87510419560989
30000,85.34,22.148,1.582,0.631,1112.023007,2.133,0.292,0.246482,0.006518,0.4147,-77.50694,Ni-0.15_Xx3-0.85,0.2833333333333333,0.2833333333333333,0.2833333333333333,0.0,0.15,0.0,0.0,4.477121254719663,30000,0.03706743356666667,8760.0,37.809786777113054
100,69.77,21.907,1.716,0.668,5.169396,1.687,16.222,0.007537,1.627809,2.2482,-5.536473,Ni-0.1_Xx3-0.9,0.3,0.3,0.3,0.0,0.1,0.0,0.0,2.0,100,0.05169396,1622.2,0.004630147253057789
200,69.82,21.907,1.717,0.684,10.33174,1.585,16.432,0.031947,0.78359,1.1097,-9.536341,Ni-0.1_Xx3-0.9,0.3,0.3,0.3,0.0,0.1,0.0,0.0,2.3010299956639813,200,0.0516587,3286.3999999999996,0.040769993529787864
300,69.88,21.907,1.717,0.687,15.484992,1.56,14.168,0.05155,0.51862,0.858,-13.338059,Ni-0.1_Xx3-0.9,0.3,0.3,0.3,0.0,0.1,0.0,0.0,2.4771212547196626,300,0.05161664,4250.4,0.09939821179628283
400,69.95,21.907,1.717,0.687,20.629039,1.581,11.976,0.066365,0.389103,0.7613,-17.080145,Ni-0.1_Xx3-0.9,0.3,0.3,0.3,0.0,0.1,0.0,0.0,2.6020599913279625,400,0.0515725975,4790.400000000001,0.17055851391915786
500,70.01,21.907,1.717,0.685,25.764002,1.563,10.052,0.070781,0.312922,0.7256,-20.791327,Ni-0.1_Xx3-0.9,0.3,0.3,0.3,0.0,0.1,0.0,0.0,2.6989700043360187,500,0.051528004,5026.0,0.22619302512119596
600,70.07,21.907,1.716,0.681,30.890273,1.572,8.506,0.073641,0.263271,0.7146,-24.488869,Ni-0.1_Xx3-0.9,0.3,0.3,0.3,0.0,0.1,0.0,0.0,2.7781512503836434,600,0.051483788333333336,5103.6,0.27971451578595524
700,70.13,21.908,1.716,0.676,36.008438,1.579,7.297,0.074348,0.228717,0.714,-28.180865,Ni-0.1_Xx3-0.9,0.3,0.3,0.3,0.0,0.1,0.0,0.0,2.845098040014257,700,0.05144062571428571,5107.9,0.32506405267622135
800,70.19,21.908,1.715,0.669,41.119163,1.585,6.352,0.074086,0.203571,0.7177,-31.871031,Ni-0.1_Xx3-0.9,0.3,0.3,0.3,0.0,0.1,0.0,0.0,2.9030899869919438,800,0.051398953750000004,5081.6,0.363930206511701
900,70.25,21.909,1.715,0.661,46.223138,1.568,5.605,0.071571,0.18469,0.7229,-35.561116,Ni-0.1_Xx3-0.9,0.3,0.3,0.3,0.0,0.1,0.0,0.0,2.9542425094393248,900,0.05135904222222222,5044.5,0.3875175292786329
1000,70.31,21.909,1.714,0.652,51.321028,1.566,5.009,0.070401,0.169889,0.728,-39.252079,Ni-0.1_Xx3-0.9,0.3,0.3,0.3,0.0,0.1,0.0,0.0,3.0,1000,0.051321028,5009.0,0.41439166519512627
3000,71.39,21.917,1.705,0.652,151.615022,2.126,1.671,0.127936,0.056919,0.7274,-42.949031,Ni-0.1_Xx3-0.9,0.3,0.3,0.3,0.0,0.1,0.0,0.0,3.4771212547196626,3000,0.05053834066666667,5013.0,2.2476458186929023
6000,73.02,21.924,1.698,0.652,296.5837,1.994,0.9,0.126062,0.028674,0.6754,-46.687814,Ni-0.1_Xx3-0.9,0.3,0.3,0.3,0.0,0.1,0.0,0.0,3.7781512503836434,6000,0.04943061666666667,5400.0,4.3962336530078465
9000,74.65,21.918,1.705,0.652,437.614678,1.873,0.633,0.120499,0.019257,0.6399,-50.484805,Ni-0.1_Xx3-0.9,0.3,0.3,0.3,0.0,0.1,0.0,0.0,3.9542425094393248,9000,0.048623853111111115,5697.0,6.257087963443763
12000,76.27,21.913,1.71,0.652,575.824799,1.897,0.492,0.129823,0.014547,0.6177,-54.309886,Ni-0.1_Xx3-0.9,0.3,0.3,0.3,0.0,0.1,0.0,0.0,4.079181246047625,12000,0.047985399916666664,5904.0,8.923769590321694
15000,77.9,21.919,1.704,0.652,709.197181,1.973,0.406,0.146222,0.01172,0.5985,-58.151446,Ni-0.1_Xx3-0.9,0.3,0.3,0.3,0.0,0.1,0.0,0.0,4.176091259055681,15000,0.04727981206666667,6090.0,12.47521542530501
18000,79.53,21.936,1.685,0.652,832.005144,2.061,0.35,0.165583,0.009834,0.5784,-62.006507,Ni-0.1_Xx3-0.9,0.3,0.3,0.3,0.0,0.1,0.0,0.0,4.2552725051033065,18000,0.046222507999999995,6300.0,16.836095577020846
21000,81.16,21.964,1.659,0.652,936.917878,2.145,0.311,0.18451,0.008486,0.5573,-65.874498,Ni-0.1_Xx3-0.9,0.3,0.3,0.3,0.0,0.1,0.0,0.0,4.3222192947339195,21000,0.04461513704761905,6531.0,21.740308707434902
24000,82.79,21.999,1.634,0.652,1018.223063,1.65,0.283,0.110921,0.007475,0.536,-69.756629,Ni-0.1_Xx3-0.9,0.3,0.3,0.3,0.0,0.1,0.0,0.0,4.380211241711606,24000,0.042425960958333335,6791.999999999999,14.836944890315678
27000,84.41,22.041,1.617,0.652,1073.470585,1.958,0.262,0.156737,0.006688,0.5147,-73.654744,Ni-0.1_Xx3-0.9,0.3,0.3,0.3,0.0,0.1,0.0,0.0,4.431363764158987,27000,0.039758169814814816,7074.0,23.432052623710565
30000,86.04,22.088,1.603,0.652,1103.325624,2.165,0.246,0.189818,0.006057,0.4937,-77.567386,Ni-0.1_Xx3-0.9,0.3,0.3,0.3,0.0,0.1,0.0,0.0,4.477121254719663,30000,0.036777520800000005,7380.0,31.33344338065368
100,73.53,19.803,3.604,0.55,4.437578,1.021,95.546,0.077239,0.602289,0.3817,-6.104402,Ni,0.0,0.0,0.0,0.0,1.0,0.0,0.0,2.0,100,0.044375780000000004,9554.6,0.1282422089026881
200,73.59,19.804,3.598,0.567,8.868333,1.009,59.013,0.103606,0.289623,0.309,-9.948056,Ni,0.0,0.0,0.0,0.0,1.0,0.0,0.0,2.3010299956639813,200,0.044341665,11802.6,0.3577258790707953
300,73.66,19.805,3.589,0.571,13.290641,0.993,41.419,0.108088,0.191282,0.2935,-13.723825,Ni,0.0,0.0,0.0,0.0,1.0,0.0,0.0,2.4771212547196626,300,0.04430213666666667,12425.699999999999,0.5650685110543018
400,73.74,19.806,3.581,0.571,17.705258,0.993,31.935,0.112382,0.143319,0.2855,-17.491625,Ni,0.0,0.0,0.0,0.0,1.0,0.0,0.0,2.6020599913279625,400,0.044263145000000004,12774.0,0.7841334077588612
500,73.82,19.806,3.573,0.57,22.113077,0.999,26.209,0.117926,0.115192,0.2783,-21.259987,Ni,0.0,0.0,0.0,0.0,1.0,0.0,0.0,2.6989700043360187,500,0.044226154000000004,13104.5,1.0237253999809015
600,73.89,19.807,3.563,0.566,26.515101,1.004,22.454,0.123927,0.096922,0.2707,-25.030438,Ni,0.0,0.0,0.0,0.0,1.0,0.0,0.0,2.7781512503836434,600,0.044191835000000006,13472.4,1.2786129195340632
700,73.97,19.808,3.552,0.56,30.912474,1.021,19.802,0.133282,0.084246,0.2631,-28.801956,Ni,0.0,0.0,0.0,0.0,1.0,0.0,0.0,2.845098040014257,700,0.044160677142857145,13861.4,1.5820385295618835
800,74.04,19.81,3.541,0.553,35.306423,1.029,17.821,0.140908,0.075044,0.2558,-32.573673,Ni,0.0,0.0,0.0,0.0,1.0,0.0,0.0,2.9030899869919438,800,0.044133028750000004,14256.800000000001,1.8776467452861616
900,74.11,19.811,3.528,0.544,39.698192,1.032,16.287,0.147239,0.068143,0.2488,-36.345287,Ni,0.0,0.0,0.0,0.0,1.0,0.0,0.0,2.9542425094393248,900,0.044109102222222224,14658.3,2.1607038037097914
1000,74.17,19.812,3.515,0.534,44.088979,1.028,15.039,0.151162,0.062733,0.2425,-40.11587,Ni,0.0,0.0,0.0,0.0,1.0,0.0,0.0,3.0,1000,0.044088979,15039.0,2.4095705677941783
3000,75.41,19.849,3.051,0.534,131.706822,1.415,6.535,0.408401,0.021027,0.186,-44.189863,Ni,0.0,0.0,0.0,0.0,1.0,0.0,0.0,3.4771212547196626,3000,0.043902274,19605.0,19.421770972037283
6000,77.28,19.937,1.727,0.534,263.529437,1.582,3.753,0.611193,0.0106,0.1618,-47.938079,Ni,0.0,0.0,0.0,0.0,1.0,0.0,0.0,3.7781512503836434,6000,0.04392157283333333,22518.0,57.654277898311484
9000,79.15,20.046,0.679,0.534,396.471568,1.646,2.609,0.700706,0.007123,0.1543,-51.427171,Ni,0.0,0.0,0.0,0.0,1.0,0.0,0.0,3.9542425094393248,9000,0.04405239644444444,23481.0,98.3585064570466
12000,81.01,20.166,0.455,0.534,529.553319,1.733,1.948,0.776077,0.005384,0.1534,-55.129263,Ni,0.0,0.0,0.0,0.0,1.0,0.0,0.0,4.079181246047625,12000,0.04412944325,23376.0,144.11829155060354
15000,82.88,20.295,0.343,0.534,657.061588,1.835,1.5,0.826695,0.00434,0.1568,-58.882356,Ni,0.0,0.0,0.0,0.0,1.0,0.0,0.0,4.176091259055681,15000,0.04380410586666667,22500.0,190.43883897719417
18000,84.74,20.429,0.385,0.534,767.461366,1.925,1.21,0.849175,0.003643,0.162,-62.818858,Ni,0.0,0.0,0.0,0.0,1.0,0.0,0.0,4.2552725051033065,18000,0.04263674255555556,21780.0,233.03375411635565
21000,86.61,20.567,0.349,0.534,849.275636,1.999,0.993,0.824271,0.003146,0.1672,-66.67538,Ni,0.0,0.0,0.0,0.0,1.0,0.0,0.0,4.3222192947339195,21000,0.04044169695238095,20853.0,261.9227836034318
24000,88.47,20.709,0.301,0.534,896.914916,0.937,0.832,0.159199,0.002772,0.1713,-70.52548,Ni,0.0,0.0,0.0,0.0,1.0,0.0,0.0,4.380211241711606,24000,0.03737145483333333,19968.0,57.41038586368553
27000,90.34,20.853,0.345,0.534,911.59982,1.014,0.733,0.166199,0.002481,0.1736,-74.516449,Ni,0.0,0.0,0.0,0.0,1.0,0.0,0.0,4.431363764158987,27000,0.0337629562962963,19791.0,66.96172441579371
30000,92.2,20.998,0.314,0.534,899.029357,1.22,0.646,0.209253,0.002248,0.1739,-78.425799,Ni,0.0,0.0,0.0,0.0,1.0,0.0,0.0,4.477121254719663,30000,0.029967645233333333,19380.0,93.04268563806136
